date,carbon_price,carbon_price_change_pct,gas_price_weekly,gas_price_lag1,vix,co2_ppm,co2_change,days_to_next_cop,is_cop_week,regime,recent_volatility,momentum_4w,momentum_12w,gas_price_volatility,cop_urgency
2015-04-05,6.94,-2.93706293706294,2.64,2.79,14.894999980926514,403.39,0.345771144278606,239,0,0,5.593208750794113,7.430340557275539,-2.664796633941091,4.845610835820476,0.0
2015-04-12,6.84,-1.4409221902017322,2.67,2.64,13.833999824523923,404.23,0.2082352066238746,232,0,0,5.431185605536462,-2.840909090909094,0.588235294117645,3.1594889603217915,0.0
2015-04-19,7.28,6.432748538011701,2.61,2.67,13.388000106811525,403.27,-0.2374885584939368,225,0,0,5.621541942658088,7.692307692307709,2.824858757062154,2.808478644255362,0.0
2015-04-26,7.48,2.74725274725276,2.6,2.61,12.805999946594238,403.99,0.1785404319686545,218,0,0,5.613478748777952,4.615384615384621,7.625899280575532,2.8043277358244008,0.0
2015-05-03,7.53,0.6684491978609541,2.57,2.6,13.23400001525879,404.33,0.0841604990222455,211,0,0,4.844712089356829,8.501440922190206,-1.3106159895150626,1.4220427628205068,0.0
2015-05-10,7.59,0.7968127490039834,2.75,2.57,14.060000038146972,404.16,-0.0420448643434712,204,0,0,4.674749344792106,10.964912280701755,3.688524590163933,4.202811729762117,0.0
2015-05-17,7.3,-3.820816864295129,2.88,2.75,13.318000030517576,404.16,0.0,197,0,0,4.73430151781849,0.27472527472527375,2.8169014084507005,3.953877863113174,0.0
2015-05-24,7.32,0.273972602739736,2.99,2.88,12.539999961853027,403.99,-0.0420625494853554,190,0,0,4.513526026673679,-2.1390374331550777,7.647058823529429,3.4401756051826613,0.0
2015-05-31,7.4,1.0928961748633892,2.8,2.99,13.62000036239624,403.37,-0.1534691452758751,183,0,0,4.140374561076503,-1.726427622841964,14.551083591331281,5.922487716768503,0.0
2015-06-07,7.61,2.837837837837842,2.65,2.8,14.157999992370604,403.41,0.0099164538760909,176,0,0,3.4084870099137294,0.26350461133071157,8.096590909090917,5.873950741817607,0.0
2015-06-14,7.41,-2.628120893561104,2.78,2.65,13.922000122070312,402.56,-0.2107037505267639,169,0,0,3.259025896405675,1.5068493150685036,9.615384615384626,5.93022275814558,0.0
2015-06-21,7.52,1.4844804318488558,2.9,2.78,14.370000076293945,402.88,0.0794912559618499,162,0,0,2.879652651239937,2.7322404371584508,5.174825174825171,6.061561391959166,0.0
2015-06-28,7.42,-1.3297872340425454,2.8,2.9,13.228000068664551,402.33,-0.1365170770452728,155,0,0,2.741395767173697,0.2702702702702675,6.916426512968288,5.267644557657617,0.0
2015-07-05,7.59,2.2911051212938016,2.79,2.8,17.490000247955322,401.9,-0.1068774389183069,148,0,0,2.701086570813667,-0.26281208935611255,10.964912280701755,3.974117844846818,0.0
2015-07-12,7.72,1.7127799736495364,2.75,2.79,17.911999893188476,401.57,-0.0821099776063705,141,0,0,2.0994412950769976,4.183535762483115,6.043956043956045,3.291069962584476,0.0
2015-07-19,7.98,3.3678756476684057,2.89,2.75,12.911999702453612,401.43,-0.034863162088794,134,0,0,2.166134746228212,6.117021276595747,6.68449197860963,3.6508215492152156,0.0
2015-07-26,7.85,-1.6290726817042689,2.88,2.89,12.59400005340576,400.38,-0.2615649054629743,127,0,0,2.255588124725854,5.795148247978443,4.249667994687911,2.9460991424766902,0.0
2015-08-02,7.76,-1.146496815286624,2.87,2.88,13.157999992370604,398.54,-0.4595634147559702,120,0,0,2.291695910810061,2.2397891963109373,2.2397891963109373,2.9448732329324305,0.0
2015-08-09,8.3,6.958762886597958,2.8,2.87,13.046000289916991,399.37,0.2082601495458469,113,0,0,2.6527787808903898,7.512953367875652,13.698630136986312,3.2221845406927074,0.0
2015-08-16,8.18,-1.4457831325301318,2.88,2.8,13.173999786376951,399.32,-0.0125197185567249,106,0,0,2.7466762008553474,2.5062656641603898,11.748633879781423,2.185823685039644,0.0
2015-08-23,8.09,-1.1002444987775029,2.75,2.88,17.846000099182127,399.04,-0.0701192026444919,99,0,0,2.8095558377259664,3.0573248407643305,9.324324324324307,3.1449862504222956,0.0
2015-08-30,8.07,-0.2472187886279342,2.69,2.75,31.846000289916997,398.68,-0.0902165196471571,92,0,0,2.7446452348208488,3.9948453608247503,6.044678055190533,3.1302608566704033,0.0
2015-09-06,8.24,2.106567534076831,2.69,2.69,27.86599998474121,397.96,-0.1805959666900891,85,0,0,2.5860496165789963,-0.7228915662650715,11.201079622132259,3.141928546845897,0.0
2015-09-13,8.09,-1.820388349514568,2.7,2.69,24.675000190734863,397.43,-0.1331792139913523,78,0,0,2.694028885252825,-1.1002444987775029,7.5797872340425565,2.256516666260607,0.0
2015-09-20,7.98,-1.3597033374536438,2.7,2.7,22.312000274658203,397.52,0.0226454973202727,71,0,0,2.696033703849895,-1.3597033374536438,7.547169811320753,1.1661099632290222,0.0
2015-09-27,8.13,1.8796992481203036,2.61,2.7,22.35999984741211,397.41,-0.0276715636948976,64,0,0,2.6756772757026526,0.743494423791824,7.114624505928857,1.7374846773416341,0.0
2015-10-04,8.33,2.460024600245992,2.49,2.61,24.489999771118164,398.56,0.2893736946730119,57,0,0,2.7122123944945606,1.0922330097087318,7.901554404145084,2.456451163042147,0.05
2015-10-11,8.38,0.6002400960384291,2.38,2.49,18.368000030517575,398.37,-0.0476716178241631,50,0,0,2.5760735265104175,3.584672435105074,5.012531328320802,2.1325377226480637,0.16666666666666666
2015-10-18,8.62,2.8639618138424527,2.48,2.38,16.59400005340576,398.71,0.0853477922534207,43,0,0,2.5748368821751004,8.020050125313261,9.808917197452228,4.196284057752048,0.2833333333333333
2015-10-25,8.63,0.1160092807424684,2.38,2.48,15.268000030517578,398.68,-0.0075242657570639,36,0,0,2.512556836840344,6.150061500615012,11.211340206185572,4.281946258065349,0.4
2015-11-01,8.4,-2.665121668597914,2.12,2.38,14.945999908447266,399.26,0.1454800842781045,29,0,0,1.8602421593659058,0.8403361344537785,1.2048192771084265,6.197279277249403,0.5166666666666667
2015-11-08,8.39,-0.1190476190476186,2.02,2.12,14.715999984741211,400.22,0.2404448229224254,22,0,0,1.797366256745048,0.11933174224343368,2.5672371638141955,6.209129027610592,0.6333333333333333
2015-11-15,8.51,1.4302741358760418,2.11,2.02,17.264000129699706,400.55,0.0824546499425205,15,0,0,1.7759077828622565,-1.2761020881670415,5.191594561186652,6.319381329732778,0.75
2015-11-22,8.58,0.8225616921269108,2.09,2.11,17.26200008392334,400.58,0.0074897016602015,8,0,0,1.7652513347270724,-0.5793742757821629,6.31970260223047,6.468748029873643,0.8666666666666667
2015-11-29,8.52,-0.6993006993007089,2.15,2.09,15.464999914169312,401.0,0.1048479704428562,1,1,0,1.722201749518953,1.4285714285714235,3.398058252427183,4.104909936330568,0.9833333333333333
2015-12-06,8.07,-5.281690140845063,2.13,2.15,15.926000022888184,401.52,0.129675810473806,337,0,0,2.300873859635547,-3.8140643623361226,-0.24721878862793423,2.7346992665732714,0.0
2015-12-13,8.06,-0.1239157372986299,1.96,2.13,19.3560001373291,402.55,0.2565252042239674,330,0,0,2.2616095668859986,-5.287896592244412,1.0025062656641603,4.527524335977223,0.0
2015-12-20,8.19,1.6129032258064502,1.72,1.96,20.23600044250488,402.81,0.0645882499068495,323,0,0,2.2438399073105635,-4.545454545454552,0.7380073800737907,6.8106311120065515,0.0
2015-12-27,8.22,0.3663003663003872,1.68,1.72,16.65250015258789,402.28,-0.1315756808420887,316,0,0,2.1203557161424937,-3.5211267605633645,-1.3205282112845107,5.230066326688175,0.0
2016-01-03,7.41,-9.85401459854015,2.27,1.68,17.12249994277954,402.32,0.0099433230585699,309,0,0,3.506000741344844,-8.178438661710041,-11.575178997613367,21.701833157869444,0.0
2016-01-10,6.67,-9.986504723346831,2.38,2.27,22.52600021362305,402.65,0.0820242592960873,302,0,0,4.137221496376056,-17.245657568238215,-22.621809744779576,20.42022370315193,0.0
2016-01-17,6.32,-5.247376311844077,2.32,2.38,24.59199981689453,402.78,0.0322861045572997,295,0,0,4.173644082555773,-22.83272283272283,-26.767091541135578,17.89105893625595,0.0
2016-01-24,6.04,-4.430379746835444,2.2,2.32,25.667500019073486,403.33,0.1365509707532686,288,0,0,4.211745702118606,-26.520681265206814,-28.095238095238095,18.525453749772925,0.0
2016-01-31,5.54,-8.278145695364236,2.22,2.2,22.476000213623045,404.75,0.3520690253638436,281,0,0,4.423528505581729,-25.236167341430505,-33.96901072705602,4.338903683658554,0.0
2016-02-07,5.05,-8.844765342960292,2.11,2.22,21.765999603271485,403.98,-0.1902408894379204,274,0,0,4.417896303482666,-24.287856071964022,-40.65804935370153,2.830468885402623,0.0
2016-02-14,5.15,1.980198019801982,2.16,2.11,26.47400016784668,403.85,-0.0321798108817272,267,0,0,4.5473769950852265,-18.5126582278481,-39.97668997668997,3.916688805365552,0.0
2016-02-21,4.98,-3.300970873786402,1.94,2.16,22.147500038146973,404.59,0.1832363501299783,260,0,0,4.432871661515031,-17.549668874172177,-41.549295774647874,5.760736643458977,0.0
2016-02-28,4.92,-1.2048192771084487,1.82,1.94,19.999999618530275,404.24,-0.0865073284065265,253,0,0,4.504961045617431,-11.191335740072205,-39.033457249070636,5.238743168829076,0.0
2016-03-06,4.98,1.2195121951219523,1.57,1.82,17.780000305175783,404.18,-0.014842667722148,246,0,0,4.623616572146727,-1.3861386138613763,-38.21339950372208,6.927226269630303,0.0
2016-03-13,4.93,-1.0040160642570406,1.64,1.57,17.78199996948242,404.97,0.1954574694443156,239,0,0,4.399823513684917,-4.271844660194191,-39.804639804639805,7.8761867727888,0.0
2016-03-20,4.84,-1.8255578093306248,1.79,1.64,15.442000007629394,405.85,0.217300046917046,232,0,0,4.242560154193403,-2.8112449799196915,-41.11922141119222,10.336102890027309,0.0
2016-03-27,5.16,6.6115702479338845,1.79,1.79,14.40999984741211,405.64,-0.0517432548971408,225,0,0,4.874384301676777,4.878048780487809,-30.364372469635626,9.869402121871444,0.0
2016-04-03,5.41,4.844961240310086,1.86,1.79,13.934000015258787,406.78,0.2810373730401272,218,0,0,4.782378220320936,8.634538152610439,-18.890554722638676,3.7473949391313646,0.0
2016-04-10,5.47,1.109057301293892,1.96,1.86,15.029999923706054,408.91,0.5236245636462078,211,0,0,4.695719357738498,10.95334685598377,-13.4493670886076,3.7818384396600297,0.0
2016-04-17,5.96,8.957952468007324,1.9,1.96,14.458000183105469,407.64,-0.310581790614084,204,0,0,5.372575581164624,23.140495867768607,-1.3245033112582738,3.82444487191607,0.0
2016-04-24,6.17,3.523489932885915,1.91,1.9,13.407999992370604,407.9,0.063781768226856,197,0,0,4.760345618507482,19.573643410852704,11.371841155234662,3.7615839253826993,0.0
2016-05-01,5.85,-5.186385737439226,1.92,1.91,14.546000099182129,407.73,-0.0416768815886148,190,0,0,4.150200774845888,8.13308687615526,15.841584158415834,3.463933018625239,0.0
2016-05-08,5.84,-0.1709401709401703,1.96,1.92,15.392000007629395,408.05,0.0784833100335946,183,0,0,4.16507145979479,6.764168190127973,13.39805825242717,2.1803058885899964,0.0
2016-05-15,5.95,1.8835616438356293,2.0,1.96,14.467999839782715,407.49,-0.1372380835681919,176,0,0,3.9255394122958496,-0.1677852348993203,19.477911646586342,0.8876368026342429,0.0
2016-05-22,6.02,1.17647058823529,1.89,2.0,15.545999908447266,408.51,0.2503128911138796,169,0,0,3.8319653848954682,-2.4311183144246407,22.357723577235756,3.5985054644290337,0.0
2016-05-29,5.93,-1.4950166112956742,1.84,1.89,14.13799991607666,407.64,-0.2129690827641917,162,0,0,3.9453240229996274,1.3675213675213627,19.076305220883526,3.7287653606789233,0.0
2016-06-05,5.94,0.1686340640809636,2.15,1.84,13.87249994277954,407.04,-0.1471886959081514,155,0,0,3.890853529905375,1.7123287671233056,20.486815415821514,9.939971434628903,0.0
2016-06-12,5.66,-4.7138047138047146,2.36,2.15,14.69000015258789,407.39,0.0859866352201255,148,0,0,4.201213698895667,-4.873949579831938,16.94214876033058,10.507422630760725,0.0
2016-06-19,4.95,-12.54416961130742,2.59,2.36,20.077999877929688,406.85,-0.1325511180932159,141,0,0,5.481906278550089,-17.77408637873753,-4.069767441860462,8.104454168854183,0.0
2016-06-26,4.61,-6.8686868686868685,2.75,2.59,20.206000137329102,406.17,-0.1671377657613382,134,0,0,5.543708206093219,-22.25969645868464,-14.787430683918668,4.472544663097758,0.0
2016-07-03,4.53,-1.7353579175705014,2.89,2.75,17.928000068664552,405.75,-0.1034049782110968,127,0,0,5.497554816887456,-23.737373737373733,-17.18464351005483,2.4210476865031914,0.0
2016-07-10,4.92,8.609271523178808,2.82,2.89,14.625,404.68,-0.2637091805298808,120,0,0,5.43833642947985,-13.07420494699647,-17.4496644295302,5.115662327684611,0.0
2016-07-17,4.55,-7.520325203252032,2.81,2.82,13.123999977111817,403.59,-0.2693486211327589,113,0,0,5.455327594611313,-8.080808080808088,-26.25607779578606,4.165141559532456,0.0
2016-07-24,4.41,-3.076923076923066,2.79,2.81,12.188000106811524,404.04,0.1114992938378245,106,0,0,5.389790660255093,-4.338394793926248,-24.615384615384606,3.254460593486631,0.0
2016-07-31,4.72,7.029478458049887,2.85,2.79,12.66800003051758,403.68,-0.0891000891000914,99,0,0,6.00120214612004,4.194260485651213,-19.17808219178082,1.886477523103389,0.0
2016-08-07,4.89,3.601694915254239,2.88,2.85,12.495999908447263,403.08,-0.1486325802615984,92,0,0,6.111113072997049,-0.6097560975609762,-17.815126050420172,1.3195551806084374,0.0
2016-08-14,4.76,-2.6584867075664653,2.77,2.88,11.688000106811524,402.05,-0.2555324005160231,85,0,0,6.061497220953433,4.615384615384621,-20.93023255813953,2.6068289677451784,0.0
2016-08-21,4.69,-1.470588235294101,2.73,2.77,11.882000160217284,402.11,0.0149235169754957,78,0,0,6.061600959712094,6.349206349206349,-20.910623946037088,2.6673978706887143,0.0
2016-08-28,4.08,-13.006396588486147,2.82,2.73,13.076000022888184,401.16,-0.2362537614085669,71,0,0,6.824685292971782,-13.559322033898303,-31.313131313131315,3.0790033002506263,0.0
2016-09-04,4.08,0.0,2.94,2.82,12.987999725341798,401.18,0.0049855419284039,64,0,0,6.844094405615824,-16.564417177914102,-27.915194346289752,3.8444792850057077,0.0
2016-09-11,4.36,6.8627450980392135,2.87,2.94,13.492500066757202,401.47,0.0722867540754901,57,0,0,6.533028227727017,-8.403361344537807,-11.919191919191919,3.329539855769307,0.05
2016-09-18,4.54,4.128440366972463,3.02,2.87,16.563999748229982,401.08,-0.097142999476929,50,0,0,6.381997286464191,-3.1982942430703654,-1.5184381778741929,3.412416722958748,0.16666666666666666
2016-09-25,4.96,9.251101321585908,3.11,3.02,13.81200008392334,400.94,-0.0349057544629438,43,0,0,6.86985208503173,21.568627450980383,9.492273730684332,3.3944772271866457,0.2833333333333333
2016-10-02,5.69,14.717741935483875,3.01,3.11,13.460000228881835,401.13,0.047388636703749,36,0,0,7.666716920225572,39.460784313725505,15.650406504065039,4.102922573151382,0.4
2016-10-09,5.81,2.1089630931458547,2.91,3.01,13.301999855041505,401.78,0.1620422306982671,29,0,0,7.122747091026677,33.256880733944925,27.692307692307683,4.354208306144683,0.5166666666666667
2016-10-16,5.89,1.376936316695354,3.17,2.91,15.492000198364256,401.86,0.0199113942954021,22,0,0,6.9310878667936375,29.735682819383257,33.56009070294783,5.855430215778321,0.6333333333333333
2016-10-23,5.88,-0.1697792869269965,3.14,3.17,14.597999763488769,402.35,0.1219330114965444,15,0,0,6.829494337461854,18.5483870967742,24.576271186440678,5.818790165802678,0.75
2016-10-30,6.41,9.013605442176864,2.72,3.14,14.454000091552734,403.0,0.1615508885298711,8,0,0,7.113219554147733,12.653778558875217,31.08384458077711,9.159860821670128,0.8666666666666667
2016-11-06,5.67,-11.544461778471138,2.5,2.72,19.905999755859376,403.0,0.0,1,1,0,8.09524093782434,-2.409638554216864,19.11764705882353,9.655007421701221,0.9833333333333333
2016-11-13,5.58,-1.5873015873015817,2.22,2.5,16.14799976348877,403.79,0.1960297766749441,358,0,0,8.099560378492624,-5.263157894736836,18.976545842217483,5.423783567749055,0.0
2016-11-20,5.0,-10.39426523297491,2.44,2.22,13.554000091552734,404.19,0.099061393298494,351,0,0,7.691370603960966,-14.965986394557817,22.549019607843146,10.622935501063978,0.0
2016-11-27,4.3,-14.000000000000002,2.76,2.44,12.400000095367432,404.75,0.1385487023429554,344,0,0,8.973923634528706,-32.91731669266771,5.392156862745101,12.350066326030014,0.0
2016-12-04,4.46,3.720930232558151,3.21,2.76,13.51399974822998,404.09,-0.1630636195182222,337,0,0,8.82600735392937,-21.340388007054678,2.2935779816513735,12.432008698284546,0.0
2016-12-11,4.93,10.538116591928247,3.69,3.21,12.108000183105467,405.03,0.2326214457175401,330,0,0,9.246093190685247,-11.648745519713266,8.590308370044042,2.7684895862006376,0.0
2016-12-18,6.22,26.166328600405684,3.57,3.69,12.707999992370606,404.62,-0.1012270695997741,323,0,0,11.595077547600997,24.4,25.4032258064516,9.115626943725271,0.0
2016-12-25,6.54,5.144694533762073,3.51,3.57,11.460000038146973,404.96,0.0840294597399982,316,0,0,10.991333169684122,52.093023255813954,14.938488576449904,10.481446657939845,0.0
2017-01-01,5.03,-23.088685015290512,3.69,3.51,13.087499856948853,406.14,0.2913868036349187,309,0,0,13.108619011045626,12.780269058295968,-13.425129087779675,8.285084159321814,0.0
2017-01-08,5.03,0.0,3.47,3.69,11.922500133514404,406.2,0.0147732309055959,302,0,0,13.097653630456373,2.0283975659229236,-14.601018675721555,4.723406823402651,0.0
2017-01-15,5.42,7.753479125248508,3.27,3.47,11.41599998474121,406.41,0.0516986706056155,295,0,0,13.314648102331372,-12.861736334405139,-7.823129251700678,5.188358671288786,0.0
2017-01-22,4.91,-9.409594095940951,3.29,3.27,12.167499780654907,406.71,0.0738170812725869,288,0,0,13.260940805883557,-24.923547400611625,-23.4009360374415,5.369078566705929,0.0
2017-01-29,5.49,11.812627291242372,3.27,3.29,10.972000122070312,406.43,-0.0688451230606457,281,0,0,13.34913120895143,9.145129224652093,-3.1746031746031744,3.4233701750986665,0.0
2017-02-05,5.45,-0.7285974499089298,3.12,3.27,11.716000175476074,406.26,-0.0418276209925516,274,0,0,13.338902735772908,8.349900596421467,-2.3297491039426466,3.0681143037643226,0.0
2017-02-12,5.31,-2.5688073394495525,3.04,3.12,11.16800003051758,406.14,-0.0295377344557645,267,0,0,12.936358308582355,-2.029520295202958,6.199999999999983,2.2795038816144904,0.0
2017-02-19,5.73,7.909604519774027,2.87,3.04,11.40599994659424,407.17,0.2536071305461185,260,0,0,12.1032863860385,16.700610997963338,33.25581395348838,2.2131221790443196,0.0
2017-02-26,5.94,3.664921465968596,2.62,2.87,11.62249994277954,407.6,0.1056069946214099,253,0,0,12.103037721265396,8.196721311475418,33.18385650224216,2.5622921409941632,0.0
2017-03-05,5.51,-7.239057239057245,2.52,2.62,12.064000129699709,406.34,-0.3091265947007038,246,0,0,12.197377118120746,1.1009174311926495,11.764705882352944,2.6669153193144117,0.0
2017-03-12,5.48,-0.5444646098003547,2.75,2.52,11.701999855041503,407.77,0.3519220357336206,239,0,0,9.434657779170035,3.201506591337111,-11.897106109324751,7.848613888362752,0.0
2017-03-19,5.11,-6.751824817518248,2.96,2.75,11.554000091552734,407.02,-0.1839272138705605,232,0,0,9.400211821759196,-10.820244328097727,-21.865443425076446,8.709697002461967,0.0
2017-03-26,5.04,-1.3698630136986356,2.99,2.96,12.54000015258789,408.6,0.3881873126627688,225,0,0,6.5432094714467395,-15.15151515151516,0.1988071570576455,6.013599691979371,0.0
2017-04-02,5.25,4.166666666666674,3.03,2.99,11.871999931335449,407.84,-0.1860009789525274,218,0,0,6.640837803283267,-4.718693284936471,4.373757455268379,4.206752073577054,0.0
2017-04-09,5.32,1.333333333333342,3.18,3.03,12.464000129699707,409.03,0.2917810906237772,211,0,0,6.255894578701691,-2.919708029197088,-1.845018450184499,3.154423212425392,0.0
2017-04-16,4.94,-7.14285714285714,3.05,3.18,15.212500095367432,409.84,0.1980294843898944,204,0,0,5.973017266818536,-3.326810176125239,0.6109979633401208,3.7172752883151383,0.0
2017-04-23,4.94,0.0,3.1,3.05,14.557999992370606,410.16,0.0780792504392113,197,0,0,4.73174899291256,-1.984126984126977,-10.018214936247716,3.7421517242049513,0.0
2017-04-30,4.94,0.0,3.09,3.1,10.726000022888185,409.39,-0.1877316169299869,190,0,0,4.737036277557258,-5.9047619047619015,-9.35779816513761,3.778175363460553,0.0
2017-05-07,4.83,-2.226720647773284,3.14,3.09,10.481999969482422,409.52,0.0317545616649095,183,0,0,4.725861524814436,-9.21052631578948,-9.039548022598865,2.6950286693030865,0.0
2017-05-14,5.22,8.074534161490687,3.12,3.14,10.188000106811524,410.6,0.2637233834733354,176,0,0,4.753284425729186,5.668016194331971,-8.90052356020944,1.2241172683641042,0.0
2017-05-21,5.58,6.896551724137945,3.21,3.12,12.67199993133545,410.2,-0.097418412079886,169,0,0,5.100082009667899,12.955465587044523,-6.060606060606066,1.6643806579044544,0.0
2017-05-28,5.54,-0.7168458781361964,3.18,3.21,10.294000244140625,409.77,-0.1048269137006396,162,0,0,4.63098238105872,12.145748987854233,0.5444646098003769,1.832162239378423,0.0
2017-06-04,5.42,-2.166064981949456,3.03,3.18,10.107500076293944,409.89,0.029284720696987,155,0,0,4.676310661647035,12.215320910973082,-1.0948905109489093,3.1066293885377143,0.0
2017-06-11,5.26,-2.952029520295208,2.98,3.03,10.353999900817872,409.63,-0.063431652394541,148,0,0,4.289622350697867,0.766283524904221,2.935420743639905,3.1246164879677822,0.0
2017-06-18,5.25,-0.1901140684410607,3.03,2.98,10.760000038146972,408.51,-0.2734174743060813,141,0,0,4.260675414543952,-5.913978494623661,4.166666666666674,2.6302468365607217,0.0
2017-06-25,5.42,3.23809523809524,2.89,3.03,10.495999908447263,407.95,-0.1370835475263732,134,0,0,4.1944209961586,-2.166064981949456,3.23809523809524,3.0259392553075424,0.0
2017-07-02,5.74,5.904059040590415,3.01,2.89,10.72199993133545,408.28,0.0808922662090871,127,0,0,4.4894240505492276,5.904059040590415,7.8947368421052655,3.833169262695301,0.0
2017-07-09,5.82,1.3937282229965264,2.95,3.01,11.50499987602234,407.26,-0.2498285490349694,120,0,0,3.743466841721506,10.646387832699622,17.813765182186224,3.8826513394521167,0.0
2017-07-16,5.6,-3.7800687285223455,2.96,2.95,10.342000007629396,407.01,-0.0613858468791472,113,0,0,4.023997669277774,6.666666666666665,13.360323886639659,3.7216428205263647,0.0
2017-07-23,5.69,1.6071428571428736,3.09,2.96,9.68799991607666,406.93,-0.0196555367189987,106,0,0,4.009946577714152,4.981549815498165,15.182186234817818,3.095751660344078,0.0
2017-07-30,5.86,2.987697715289972,2.96,3.09,9.772000122070311,406.66,-0.0663504779691792,99,0,0,3.8785078118059917,2.0905923344947785,21.325051759834366,3.675913276339535,0.0
2017-08-06,5.99,2.2184300341296925,2.8,2.96,10.219999885559082,405.73,-0.2286922736438268,92,0,0,3.3323001765687073,2.9209621993127044,14.750957854406144,4.4856906132570185,0.0
2017-08-13,6.41,7.011686143572615,2.85,2.8,12.710000228881835,405.39,-0.0837995711433836,85,0,0,3.350299580017858,14.46428571428573,14.874551971326166,4.7062400750594,0.0
2017-08-20,6.69,4.368174726989094,2.95,2.85,13.184000015258787,404.74,-0.160339426231526,78,0,0,3.4051546072762,17.574692442882256,20.758122743682318,4.387753982245533,0.0
2017-08-27,6.43,-3.8863976083707175,2.97,2.95,12.05999984741211,404.39,-0.0864752680733382,71,0,0,3.609871697741035,9.726962457337862,18.63468634686347,3.8771946923649505,0.0
2017-09-03,7.56,17.573872472783837,2.93,2.97,10.992000007629397,403.89,-0.1236430178787828,64,0,0,5.6169761239899545,26.210350584307164,43.726235741444874,2.035076259296496,0.0
2017-09-10,7.44,-1.5873015873015817,2.91,2.93,11.882499933242798,403.87,-0.004951843323675,57,0,0,5.707476093481979,16.068642745709827,41.71428571428572,2.151541673003582,0.05
2017-09-17,7.14,-4.032258064516137,2.96,2.91,10.483999824523924,403.25,-0.1535147448436413,50,0,0,6.064730289845375,6.726457399103136,31.734317343173423,1.3733256195993628,0.16666666666666666
2017-09-24,7.59,6.302521008403361,3.09,2.96,9.873999977111817,402.95,-0.0743955362678239,43,0,0,6.086225115491007,18.04043545878693,32.229965156794414,2.604977974030954,0.2833333333333333
2017-10-01,7.52,-0.922266139657446,2.96,3.09,9.86200008392334,403.14,0.0471522521404699,36,0,0,6.161264552262719,-0.5291005291005346,29.209621993127133,3.6530545497313853,0.4
2017-10-08,7.78,3.457446808510656,2.84,2.96,9.485999870300294,403.61,0.1165848092474108,29,0,0,5.856349998676553,4.5698924731182755,38.928571428571445,4.290276098322903,0.5166666666666667
2017-10-15,8.0,2.827763496143953,2.92,2.84,9.955999946594238,404.14,0.1313148831793009,22,0,0,5.8419641072303445,12.04481792717087,40.597539543057984,4.5122788975446495,0.6333333333333333
2017-10-22,7.61,-4.8749999999999964,2.84,2.92,10.06200008392334,404.19,0.0123719503142494,15,0,0,6.271842899850125,0.26350461133071157,29.86348122866893,3.30816089536044,0.75
2017-10-29,8.32,9.329829172141912,2.91,2.84,10.911999893188476,404.34,0.037111259556144,8,0,0,6.584267082195629,10.63829787234043,38.898163606010016,3.5298709146152087,0.8666666666666667
2017-11-05,7.86,-5.528846153846157,2.78,2.91,9.990000152587893,404.44,0.0247316614730319,1,1,0,6.872327318241797,1.0282776349614497,22.620904836193457,3.676351704676851,0.9833333333333333
2017-11-12,7.93,0.8905852417302684,3.12,2.78,10.17199993133545,405.26,0.202749480763531,385,0,0,6.832867230242346,-0.8750000000000036,18.535127055306422,7.507761741128693,0.0
2017-11-19,8.21,3.530895334174033,3.1,3.12,11.882000160217284,406.31,0.2590929279968401,378,0,0,6.620761562679223,7.88436268068331,27.6827371695179,7.142494506331606,0.0
2017-11-26,8.13,-0.974421437271622,3.05,3.1,9.982499837875366,406.52,0.0516846742634857,371,0,0,4.562534619773873,-2.2836538461538436,7.539682539682557,7.41531558059971,0.0
2017-12-03,7.58,-6.765067650676516,2.94,3.05,10.661999893188476,406.94,0.1033159500147595,364,0,0,5.020518591390135,-3.562340966921118,1.8817204301075252,7.198482299390108,0.0
2017-12-10,7.65,0.923482849604218,2.84,2.94,10.754000091552737,406.74,-0.0491472944414428,357,0,0,4.834832906849758,-3.5308953341740112,7.142857142857162,1.431016989466246,0.0
2017-12-17,8.62,12.67973856209148,2.77,2.84,9.870000076293945,406.99,0.0614643261051206,350,0,0,5.768916437828544,4.993909866017021,13.570487483530957,0.9184159146642757,0.0
2017-12-24,8.6,-0.2320185614849146,2.69,2.77,9.759999847412107,407.41,0.1031966387380567,343,0,0,5.749081289091086,5.781057810578094,14.36170212765957,0.5149222879838503,0.0
2017-12-31,8.19,-4.767441860465116,3.03,2.69,10.485000133514404,407.57,0.0392724773569552,336,0,0,5.9515704919790995,8.047493403693927,5.269922879177358,7.788162177969259,0.0
2018-01-07,8.26,0.8547008547008517,5.71,3.03,9.34000015258789,408.33,0.1864710356503263,329,0,1,5.911143962675707,7.973856209150321,3.2499999999999973,43.61212927756059,0.0
2018-01-14,9.25,11.985472154963684,3.24,5.71,9.892000007629395,408.08,-0.0612249895917571,322,0,1,6.510949229704333,7.308584686774955,21.55059132720105,55.09937846457442,0.0
2018-01-21,9.67,4.540540540540539,4.12,3.24,11.765000104904177,408.47,0.095569496177239,315,0,1,6.145795284096572,12.441860465116283,16.22596153846154,54.11706824998998,0.0
2018-01-28,9.53,-1.4477766287487093,3.43,4.12,11.252000045776366,408.07,-0.0979264083041719,308,0,1,5.830656832240904,16.36141636141637,21.246819338422384,57.560455131021925,0.0
2018-02-04,9.79,2.728226652675758,3.3,3.43,14.589999961853028,408.4,0.0808684784473268,301,0,1,5.829642858445466,18.52300242130749,23.45523329129886,29.258737220507257,0.0
2018-02-11,10.13,3.472931562819226,2.75,3.3,31.509999465942386,408.56,0.0391772771792364,294,0,1,5.828211832980717,9.513513513513526,23.386114494518885,20.696992655757725,0.0
2018-02-18,10.43,2.9615004935834133,2.54,2.75,21.68599967956543,408.65,0.0220285882122528,287,0,1,5.76109196235939,7.859358841778685,28.290282902829023,6.538753769824862,0.0
2018-02-25,10.77,3.259827420901251,2.62,2.54,18.957499980926517,409.09,0.1076716016150669,280,0,1,5.014299620490477,13.011542497376706,42.0844327176781,8.263008312256167,0.0
2018-03-04,11.79,9.47075208913648,2.64,2.62,19.260000038146973,410.03,0.2297782883961874,273,0,1,5.2801474811669316,20.42900919305415,54.117647058823515,8.99362503587228,0.0
2018-03-11,11.73,-0.5089058524172962,2.74,2.64,17.206000328063965,408.91,-0.2731507450674186,266,0,1,4.589472045014638,15.794669299111552,36.0788863109049,5.265098047152574,0.0
2018-03-18,13.23,12.78772378516624,2.71,2.74,16.35,409.32,0.1002665623242249,259,0,1,5.316470452759351,26.845637583892625,53.83720930232558,2.2464707488435516,0.0
2018-03-25,14.04,6.122448979591821,2.66,2.71,20.6580005645752,410.22,0.2198768689533947,252,0,1,4.607306558403688,30.36211699164346,71.42857142857142,2.5089523497821906,0.0
2018-04-01,13.76,-1.9943019943019944,2.67,2.66,21.59250020980835,409.39,-0.2023304568280481,245,0,1,4.887544715861507,16.70907548770144,66.5859564164649,2.4978488125256284,0.0
2018-04-08,14.84,7.848837209302317,2.79,2.67,21.042000198364256,409.65,0.063509123329819,238,0,1,4.432287904056239,26.513213981244665,60.432432432432435,2.8291374035937027,0.0
2018-04-15,14.02,-5.525606469002698,2.78,2.79,19.67599983215332,411.25,0.3905773221042352,231,0,1,5.223907909391537,5.971277399848818,44.98448810754911,2.7138716342636786,0.0
2018-04-22,14.58,3.9942938659058624,2.83,2.78,16.049999809265138,411.88,0.1531914893617036,224,0,1,5.009435517842008,3.8461538461538547,52.99055613850998,2.140764126318661,0.0
2018-04-29,14.04,-3.703703703703709,2.8,2.83,16.770000076293947,409.86,-0.4904341070214535,217,0,1,5.44973139994047,2.034883720930236,43.41164453524004,2.499762933682782,0.0
2018-05-06,15.68,11.680911680911676,2.75,2.8,15.61200008392334,411.25,0.3391401942126615,210,0,1,5.978943739271734,5.660377358490565,54.78775913129317,1.5472398933748845,0.0
2018-05-13,16.38,4.464285714285721,2.76,2.75,13.751999855041504,412.07,0.199392097264428,203,0,1,5.974009122074566,16.833095577746082,57.04697986577181,1.5877401141041352,0.0
2018-05-20,17.17,4.82295482295485,2.8,2.76,13.566000175476074,411.65,-0.1019244303152366,196,0,1,5.973649468954983,17.764060356652966,59.424326833797615,1.446656955582239,0.0
2018-05-27,16.55,-3.6109493302271423,2.83,2.8,12.926000022888184,411.61,-0.0097169925907802,189,0,1,6.101031344343615,17.877492877492895,40.37319762510603,1.4454088690611182,0.0
2018-06-03,17.2,3.92749244712991,2.88,2.83,15.212500095367432,411.14,-0.1141857583635053,182,0,1,6.000580422706479,9.693877551020403,46.632566069906225,0.6038423100064116,0.0
2018-06-10,15.98,-7.0930232558139465,2.92,2.88,12.218000030517578,411.36,0.0535097533686856,175,0,1,5.917320192393635,-2.4420024420024333,20.786092214663633,0.28494628979892794,0.0
2018-06-17,16.61,3.942428035043788,2.99,2.92,12.345999908447263,410.56,-0.194476857253989,168,0,1,5.803053580778665,-3.2615026208503317,18.3048433048433,0.5700327641539848,0.0
2018-06-24,16.51,-0.6020469596628386,2.99,2.99,13.372000312805175,410.76,0.0487139516757606,161,0,1,5.7390353295232925,-0.24169184290029344,19.985465116279077,1.0146639072677222,0.0
2018-07-01,17.28,4.663840096910965,2.98,2.99,16.820000076293944,409.6,-0.2824033498880052,154,0,1,5.496260644480378,0.46511627906977715,16.442048517520224,1.2661180548651543,0.0
2018-07-08,17.69,2.372685185185186,2.91,2.98,15.019999980926514,409.35,-0.06103515625,147,0,1,5.044073241656529,10.700876095118893,26.17689015691871,1.9455939064840377,0.0
2018-07-15,18.77,6.105144149236841,2.89,2.91,12.74400005340576,408.74,-0.149016733846341,140,0,1,5.152853171507611,13.004214328717634,28.73799725651578,1.042678672941974,0.0
2018-07-22,19.09,1.7048481619605704,2.78,2.89,12.544000053405762,408.48,-0.063610118901991,133,0,1,4.81012927040481,15.626892792247116,35.968660968660984,1.6033495687868782,0.0
2018-07-29,19.53,2.3048716605552637,2.79,2.78,12.497999954223634,407.65,-0.2031923227575505,126,0,1,3.892309440300203,13.020833333333325,24.55357142857144,1.8348697622521246,0.0
2018-08-05,19.73,1.024065540194563,2.8,2.79,12.813999938964844,407.42,-0.0564209493437939,119,0,1,3.813520992964068,11.531938948558507,20.451770451770468,1.9709747786823593,0.0
2018-08-12,20.04,1.5712113532691196,2.96,2.8,11.496000289916992,407.26,-0.0392715134259535,112,0,1,3.6791916214428277,6.766116142781042,16.715200931857876,3.9018830400360924,0.0
2018-08-19,22.83,13.922155688622762,3.0,2.96,13.764000129699706,407.03,-0.0564749791288177,105,0,1,4.828028610608241,19.59140911471975,37.945619335347416,2.5554056455433485,0.0
2018-08-26,23.2,1.620674551029344,3.01,3.0,12.399999809265136,406.3,-0.1793479596098435,98,0,1,4.825860884138755,18.791602662570384,34.883720930232556,2.5608918995400463,0.0
2018-09-02,25.33,9.18103448275862,2.97,3.01,12.65999984741211,405.68,-0.1525966034949588,91,0,1,4.073746365502327,28.38317283324885,58.51063829787233,3.0080381293392966,0.0
2018-09-09,22.42,-11.488353730754032,2.94,2.97,14.149999856948853,405.58,-0.0246499704200431,84,0,1,6.046084952658872,11.876247504990033,34.97892835641181,1.2404994827886429,0.0
2018-09-16,24.88,10.972346119536123,2.93,2.94,12.992000007629397,405.88,0.0739681443858275,77,0,1,6.3854181960523215,8.979413053000451,50.69654754694122,0.7387804246342777,0.0
2018-09-23,24.63,-1.0048231511254002,3.03,2.93,12.34000015258789,405.73,-0.0369567359810751,70,0,1,6.513042201361156,6.1637931034482785,42.53472222222221,2.192085365368092,0.0
2018-09-30,26.1,5.968331303288688,3.06,3.03,12.407999992370604,405.69,-0.0098587730756993,63,0,1,6.554575960236467,3.0398736675878446,47.54098360655738,1.9523240284729027,0.0
2018-10-07,24.21,-7.241379310344831,3.23,3.06,12.939999961853028,405.77,0.0197194902511688,56,0,1,7.173625042431738,7.983942908117747,28.982418753329785,2.612771107594954,0.06666666666666667
2018-10-14,22.64,-6.484923585295332,3.3,3.23,20.17799949645996,406.2,0.1059713630874759,49,0,1,7.619218450540936,-9.0032154340836,18.596123624934524,1.9519851190064967,0.18333333333333332
2018-10-21,20.59,-9.054770318021198,3.26,3.3,19.253999710083008,406.81,0.1501723289020207,42,0,1,8.218711558092304,-16.40276086073893,5.427547363031238,2.825197746368474,0.3
2018-10-28,19.18,-6.847984458474987,3.32,3.26,22.79199943542481,406.67,-0.0344140999483766,35,0,1,8.503959725124478,-26.51340996168583,-2.7876330461226617,2.76780731782996,0.4166666666666667
2018-11-04,21.65,12.877997914494266,3.28,3.32,21.626000213623048,407.18,0.1254088081245274,28,0,1,9.27417117528347,-10.574142916150365,8.033932135728538,1.859418058236236,0.5333333333333333
2018-11-11,21.31,-1.5704387990762123,3.58,3.28,18.06199989318848,408.94,0.4322412692175481,21,0,1,8.349313375772066,-5.874558303886934,-6.65790626368813,4.885455782892735,0.65
2018-11-18,22.4,5.114969497888322,4.23,3.58,19.96800003051758,408.78,-0.0391255440896021,14,0,1,8.480616607578792,8.790675084992717,-3.4482758620689724,8.62189534858976,0.7666666666666667
2018-11-25,22.7,1.3392857142857206,4.67,4.23,21.22499990463257,408.58,-0.0489260727041362,7,1,1,8.00033440223411,18.35245046923879,-10.382945124358468,7.956186334827504,0.8833333333333333
2018-12-02,22.6,-0.4405286343612258,4.43,4.67,18.65400009155273,408.69,0.026922512115135,0,1,1,7.2347736676105505,4.387990762124727,0.802854594112401,9.709006433133284,1.0
2018-12-09,25.76,13.982300884955755,4.49,4.43,20.40000009536743,409.6,0.2226626538452292,358,0,1,7.676994929770957,20.882214922571585,3.536977491961424,10.208962915311147,0.0
2018-12-16,26.97,4.69720496894408,4.38,4.49,21.62799949645996,409.51,-0.0219726562500022,351,0,1,7.747932402042081,20.401785714285726,9.500609013398286,6.784922237492348,0.0
2018-12-23,27.02,0.1853911753800563,3.73,4.38,26.834000015258788,409.33,-0.0439549705745889,344,0,1,7.590994602186545,19.03083700440529,3.5249042145593767,6.914748221342247,0.0
2018-12-30,25.66,-5.033308660251668,3.26,3.73,31.19499969482422,409.8,0.1148217819363361,337,0,1,7.409652268121843,13.539823008849549,5.9892606361007905,7.815841464339463,0.0
2019-01-06,24.52,-4.442712392829307,2.92,3.26,23.867499828338623,410.86,0.2586627623230919,330,0,1,7.250610786627607,-4.813664596273304,8.303886925795045,5.3960836011500115,0.0
2019-01-13,26.63,8.60522022838499,2.89,2.92,19.907999801635743,410.55,-0.0754514919924065,323,0,1,6.826062919579653,-1.2606599925843565,29.334628460417676,6.0711981419294645,0.0
2019-01-20,25.68,-3.567405182125416,3.5,2.89,18.513999938964844,412.19,0.3994641334794657,316,0,1,6.480152899980516,-4.959289415247969,33.889468196037534,15.40501370721844,0.0
2019-01-27,23.55,-8.294392523364479,3.19,3.5,19.15749979019165,411.23,-0.2329023023362908,309,0,1,6.321281262236467,-8.222915042868273,8.775981524249431,14.53314924525238,0.0
2019-02-03,23.91,1.5286624203821653,2.9,3.19,17.673999786376953,411.83,0.1459037521581496,302,0,1,6.275147646077383,-2.487765089722671,12.200844673862044,14.218880500331233,0.0
2019-02-10,22.04,-7.8209953994144765,2.59,2.9,15.754000091552737,412.63,0.1942549110069746,295,0,1,6.631158734452132,-17.2361997746902,-1.6071428571428514,15.348204537450135,0.0
2019-02-17,20.43,-7.304900181488206,2.65,2.59,15.635999870300292,411.19,-0.3489809272229305,288,0,1,6.941968904468929,-20.443925233644855,-9.999999999999998,5.986897977122489,0.0
2019-02-24,23.73,16.15271659324524,2.71,2.65,14.21750020980835,412.62,0.3477711033828656,281,0,1,8.473137638011767,0.7643312101910826,5.000000000000004,7.062761923352199,0.0
2019-03-03,24.52,3.329119258322799,2.91,2.71,14.613999938964843,412.37,-0.0605884348795493,274,0,1,7.454595101108509,2.5512337933918827,-4.813664596273304,7.7206060492858235,0.0
2019-03-10,23.92,-2.446982055464919,3.28,2.91,15.549999809265136,412.37,0.0,267,0,1,7.315061515987238,8.529945553539031,-11.30886169818316,4.98005038453336,0.0
2019-03-17,21.99,-8.068561872909708,2.89,3.28,13.57800006866455,412.02,-0.0848752334069002,260,0,1,7.6006560743331395,7.635829662261373,-18.615840118430793,10.570975875879949,0.0
2019-03-24,22.82,3.774442928603916,2.86,2.89,14.136000061035157,411.53,-0.1189262657152578,253,0,1,7.647971649538094,-3.834808259587019,-11.067809820732656,10.73540355346927,0.0
2019-03-31,25.9,13.496932515337411,2.71,2.86,14.860000038146971,412.4,0.2114062158287355,246,0,1,8.552499527312772,5.6280587275693295,5.6280587275693295,10.395195324690475,0.0
2019-04-07,27.82,7.413127413127429,2.7,2.71,13.379999732971193,413.35,0.2303588748787666,239,0,1,8.459789131265296,16.30434782608694,4.468644386030807,5.296132234234651,0.0
2019-04-14,28.14,1.1502516175413424,2.72,2.7,13.158000183105468,413.82,0.1137050925365867,232,0,1,8.353275752236422,27.96725784447478,9.579439252336442,2.616274281418535,0.0
2019-04-21,27.09,-3.731343283582089,2.62,2.72,12.297500133514404,413.99,0.0410806630902316,225,0,1,7.983633887222963,18.711656441717793,15.031847133757958,2.794954652118075,0.0
2019-04-28,26.29,-2.9531192321890054,2.56,2.62,12.763999938964844,414.52,0.128022416000384,218,0,1,8.084126141640763,1.5057915057915094,9.953994144709322,1.9681016063423071,0.0
2019-05-05,26.62,1.2552301255230214,2.59,2.56,13.663999938964844,414.54,0.0048248576667075,211,0,1,7.584528462029847,-4.313443565780006,20.780399274047202,2.3504810827463554,0.0
2019-05-12,25.96,-2.479338842975209,2.6,2.59,17.86000003814697,415.62,0.2605297438124099,204,0,1,7.172379482086784,-7.746979388770436,27.068037200195793,2.2674783631922444,0.0
2019-05-19,26.44,1.8489984591679496,2.67,2.6,17.25999984741211,414.97,-0.1563928588614538,197,0,1,5.684448843153096,-2.3994093761535606,11.420143278550366,2.086043483057002,0.0
2019-05-26,25.45,-3.7443267776096856,2.66,2.67,15.75599994659424,414.52,-0.1084415740897015,190,0,1,5.792244073575511,-3.195131228604031,3.7928221859706346,1.3109535212480927,0.0
2019-06-02,25.66,0.8251473477406623,2.66,2.66,17.85249948501587,414.6,0.0192994306668081,183,0,1,5.719536811116019,-3.6063110443275814,7.274247491638786,1.3796293740410615,0.0
2019-06-09,26.15,1.9095869056897865,2.45,2.66,16.829999923706055,414.3,-0.07235890014472,176,0,1,5.004345933330862,0.7318952234206311,18.917689859026844,4.543861836025729,0.0
2019-06-16,26.42,1.0325047801147402,2.41,2.45,15.787999725341797,414.08,-0.0531016171856246,169,0,1,4.956603210019391,-0.07564296520423675,15.775635407537258,3.6797049877665113,0.0
2019-06-23,27.5,4.087812263436774,2.4,2.41,14.995999908447263,413.63,-0.1086746522411141,162,0,1,3.337671192494308,8.055009823182724,6.1776061776061875,3.6720625144728616,0.0
2019-06-30,27.67,0.6181818181818288,2.34,2.4,15.729999923706057,413.64,0.0024176196117275,155,0,1,2.551497218003986,7.83320342946221,-0.539180445722498,3.302106385943066,0.0
2019-07-07,30.26,9.360318033971817,2.31,2.34,13.210000038146973,412.3,-0.3239531960158581,148,0,1,3.7238026006651097,15.717017208413008,7.53375977256574,0.8631730400334645,0.0
2019-07-14,30.38,0.3965631196298558,2.47,2.31,13.280000114440918,412.37,0.0169779286927074,141,0,1,3.4617896167485234,14.988644965934883,12.144702842377253,4.24964748523703,0.0
2019-07-21,29.75,-2.073732718894006,2.44,2.47,13.497999954223634,411.07,-0.3152508669398868,134,0,1,3.378501634489713,8.18181818181818,13.160897679726125,4.3363943222164725,0.0
2019-07-28,30.61,2.8907563025210026,2.3,2.44,12.621999740600586,410.28,-0.1921813803001937,127,0,1,3.4186819993951603,10.625225876400425,14.988730277986463,5.278495742189464,0.0
2019-08-04,29.36,-4.083632799738646,2.24,2.3,15.674000358581544,410.56,0.0682460758506531,120,0,1,3.603014746596373,-2.974223397224063,13.097072419106315,5.398815239650013,0.0
2019-08-11,27.15,-7.527247956403271,2.11,2.24,19.82599983215332,410.48,-0.0194855806702975,113,0,1,4.360307629623834,-10.631994733377226,2.68532526475036,2.2996999008219703,0.0
2019-08-18,26.24,-3.35174953959484,2.21,2.11,20.072000122070317,409.79,-0.168095887741182,106,0,1,4.328499072825256,-11.7983193277311,3.1041257367387054,4.957461961370359,0.0
2019-08-25,27.37,4.306402439024404,2.27,2.21,17.346000099182127,409.66,-0.0317235657287917,99,0,1,4.4780209042433405,-10.584776216922565,6.664068589243954,4.833544624625078,0.0
2019-09-01,26.05,-4.822798684691265,2.28,2.27,19.16799964904785,409.03,-0.153786066494177,92,0,1,4.7184785266432625,-11.27384196185286,-0.3824091778202643,4.568528840026461,0.0
2019-09-08,27.38,5.105566218809976,2.46,2.28,17.06500005722046,408.81,-0.0537857858836643,85,0,1,4.93555705167968,0.847145488029466,3.6336109008326956,3.1636347970117153,0.0
2019-09-15,27.59,0.7669831994156384,2.64,2.46,14.607999992370605,408.72,-0.0220151170470361,78,0,1,4.801813988942836,5.144817073170738,0.3272727272727316,3.609810364446881,0.0
2019-09-22,26.34,-4.530627038782164,2.63,2.64,14.485999870300294,408.54,-0.0440399295361104,71,0,1,4.981123519000659,-3.7632444282060695,-4.8066498012287795,4.392555712336624,0.0
2019-09-29,23.91,-9.2255125284738,2.52,2.63,16.241999626159668,408.18,-0.0881186664708488,64,0,1,4.578590884926448,-8.21497120921305,-20.98479841374753,5.920161619491893,0.0
2019-10-06,25.36,6.064408197406945,2.33,2.52,18.304000091552734,408.6,0.1028957812729824,57,0,1,5.094239735676739,-7.377647918188456,-16.524028966425274,6.384924892563849,0.05
2019-10-13,26.8,5.6782334384858135,2.26,2.33,17.986000061035156,408.84,0.058737151248156,50,0,1,5.474667948328317,-2.8633562885103214,-9.91596638655462,2.9702491200588574,0.16666666666666666
2019-10-20,25.8,-3.731343283582089,2.25,2.26,13.965999984741211,408.94,0.0244594462381453,43,0,1,5.410172979900281,-2.050113895216399,-15.713819013394314,2.946037138041958,0.2833333333333333
2019-10-27,26.02,0.8527131782945618,2.25,2.25,13.76599998474121,409.51,0.1393847508191825,36,0,1,5.365038578524543,8.824759514847337,-11.376021798365121,3.4589418247289534,0.4
2019-11-03,25.56,-1.7678708685626487,2.62,2.25,12.83199996948242,410.12,0.1489585113916725,29,0,1,4.957263029779111,0.7886435331230235,-5.856353591160223,8.895812164532693,0.5166666666666667
2019-11-10,24.57,-3.873239436619713,2.82,2.62,12.669999885559085,410.41,0.0707110114112952,22,0,1,4.9877985610511555,-8.32089552238806,-6.364329268292678,7.942026291308518,0.6333333333333333
2019-11-17,25.31,3.011803011803016,2.73,2.82,12.694000053405762,410.4,-0.0024365878024568,15,0,1,4.889028786257359,-1.8992248062015604,-7.526488856412139,8.752430170494465,0.75
2019-11-24,25.94,2.4891347293559907,2.58,2.73,12.713999938964845,410.93,0.1291423001949398,8,0,1,4.760599867052382,-0.3074558032282848,-0.4222648752399194,10.162642486372759,0.8666666666666667
2019-12-01,25.68,-1.0023130300694016,2.49,2.58,11.944999933242798,411.28,0.0851726571435396,1,1,1,4.4922231218476885,0.46948356807512415,-6.208911614317014,5.934670124873677,0.9833333333333333
2019-12-08,24.71,-3.777258566978192,2.38,2.49,14.76200008392334,411.53,0.060785839330868,694,0,1,4.572146547693447,0.5698005698005826,-10.438564697354114,1.038560044860781,0.0
2019-12-15,27.21,10.117361392148938,2.24,2.38,14.619999885559082,412.1,0.1385075207153807,687,0,1,5.375516207047332,7.506914263137099,3.302961275626437,1.0829975518071817,0.0
2019-12-22,27.25,0.1470047776552796,2.28,2.24,12.404000091552737,412.42,0.0776510555690279,680,0,1,4.450686135424225,5.050115651503462,13.969050606440824,3.3396264946047802,0.0
2019-12-29,25.5,-6.422018348623848,2.03,2.28,12.839999914169312,413.19,0.1867028757092326,673,0,1,4.660633555896841,-0.7009345794392496,0.5520504731861164,5.249633272899816,0.0
2020-01-05,24.73,-3.019607843137251,2.05,2.03,13.772500038146973,413.58,0.094387569883092,666,0,1,4.390117656087695,0.08093889113718333,-7.723880597014931,6.040282922150276,0.0
2020-01-12,25.97,5.0141528507885,2.09,2.05,13.238000106811525,413.0,-0.1402388896948547,659,0,1,4.542898467897459,-4.557148107313491,0.6589147286821584,6.283655863333395,0.0
2020-01-19,24.87,-4.235656526761645,2.06,2.09,12.310000038146972,413.85,0.2058111380145444,652,0,1,4.705646358972215,-8.733944954128436,-4.419677171406599,5.906955429288117,0.0
2020-01-26,24.31,-2.2517088862082923,1.93,2.06,13.325000047683716,414.24,0.0942370424066751,645,0,1,4.721632018186727,-4.666666666666675,-4.890453834115805,3.691423272576581,0.0
2020-02-02,23.75,-2.3035787741670037,1.95,1.93,17.045999908447264,414.51,0.0651796060254783,638,0,1,4.635101274535736,-3.962798220784469,-3.337403337403344,3.701581609709019,0.0
2020-02-09,24.71,4.042105263157891,1.89,1.95,15.919999694824218,414.62,0.0265373573617111,631,0,1,4.708680470701314,-4.851752021563338,-2.3706045041485546,3.081196183153527,0.0
2020-02-16,26.03,5.341966815054633,1.9,1.89,14.357999992370605,414.27,-0.0844146447349425,624,0,1,4.918635119432326,4.664254121431455,0.3469545104086258,3.432642483833235,0.0
2020-02-23,24.02,-7.721859393008068,2.0,1.9,15.462500095367432,413.92,-0.084485963260672,617,0,1,5.4174033798842816,-1.1929247223364858,-6.4641744548286635,3.415818776767305,0.0
2020-03-01,23.83,-0.7910074937552136,1.88,2.0,31.94200019836426,414.07,0.036238886741402,610,0,1,5.316942519512341,0.3368421052631465,-3.561311210036433,4.856301011583455,0.0
2020-03-08,22.38,-6.084767100293743,1.8,1.88,36.75799903869629,414.32,0.0603762648827554,603,0,1,4.453107940166886,-9.429380817482812,-17.750826901874316,5.069805771925532,0.0
2020-03-15,16.84,-24.754244861483464,1.87,1.8,57.79200057983398,414.5,0.043444680440241,596,0,1,7.996156818994826,-35.30541682673838,-38.20183486238532,5.67531868110631,0.0
2020-03-22,17.11,1.6033254156769594,1.79,1.87,74.61800079345703,415.75,0.3015681544028981,589,0,1,8.073801437085294,-28.767693588676103,-32.90196078431373,4.442474913263207,0.0
2020-03-29,18.73,9.468147282291062,1.73,1.79,62.75,415.95,0.0481058328322347,582,0,1,8.830533235955732,-21.40159462861938,-24.262029923170235,3.9489611261045345,0.0
2020-04-05,21.86,16.711158569140405,1.62,1.73,53.07800064086914,416.65,0.168289457867532,575,0,1,10.201079261758874,-2.32350312779267,-15.825953022718519,4.4568266339731855,0.0
2020-04-12,22.48,2.836230558096986,1.77,1.62,44.23999977111816,416.48,-0.0408016320652682,568,0,1,10.196055227921779,33.4916864608076,-9.609971853638921,7.073641345724489,0.0
2020-04-19,21.53,-4.225978647686834,1.72,1.77,39.60599975585937,416.09,-0.0936419515943254,561,0,1,10.24577157625861,25.83284628872007,-11.43562320032907,6.896747761862475,0.0
2020-04-26,19.8,-8.035299581978638,1.85,1.72,41.70600051879883,417.02,0.2235093369223006,554,0,1,10.469177170862919,5.712760277629481,-16.631578947368418,7.674592355326511,0.0
2020-05-03,20.17,1.868686868686864,1.71,1.85,33.886000061035155,417.04,0.0047959330487845,547,0,1,10.39315535942705,-7.731015553522402,-18.37312828814245,8.119671449377359,0.0
2020-05-10,19.96,-1.0411502231036265,1.84,1.71,32.62400016784668,417.0,-0.00959140610014,540,0,1,10.192166024999286,-11.209964412811392,-23.319247022666158,7.626387507442608,0.0
2020-05-17,22.19,11.172344689378754,1.63,1.84,32.077999877929685,417.18,0.0431654676259052,533,0,1,10.62430090794472,3.0654900139340358,-7.61865112406327,9.979951934227046,0.0
2020-05-24,22.18,-0.0450653447498949,1.78,1.63,29.102000045776368,417.64,0.1102641545615679,526,0,1,10.622110923461872,12.02020202020202,-6.92404532102392,10.469365069759874,0.0
2020-05-31,24.02,8.29576194770063,1.76,1.78,27.93250036239624,417.41,-0.0550713533186364,519,0,1,10.689611695707626,19.087754090233,7.327971403038425,9.477103349362697,0.0
2020-06-07,22.78,-5.162364696086586,1.7,1.76,26.21199989318848,416.55,-0.2060324381303768,512,0,1,7.3459881296085525,14.128256513026049,35.27315914489313,8.494295066613965,0.0
2020-06-14,24.92,9.394205443371373,1.7,1.7,31.56599998474121,416.42,-0.031208738446764,505,0,1,7.572633454081632,12.302839116719234,45.64582115721802,5.541294818195188,0.0
2020-06-21,25.46,2.1669341894061,1.52,1.7,33.91999969482422,416.27,-0.0360213246241802,498,0,1,7.333482743682416,14.788097385031573,35.93166043780032,4.755156008628054,0.0
2020-06-28,28.64,12.49018067556953,1.57,1.52,32.786000442504886,415.64,-0.1513440795637421,491,0,1,6.679073192304395,19.233971690258134,31.015553522415384,5.94106438827829,0.0
2020-07-05,29.78,3.9804469273742926,1.67,1.57,29.627500534057617,415.45,-0.0457126359349469,484,0,1,6.6928335053695855,30.728709394205445,32.47330960854094,7.377557072791617,0.0
2020-07-12,28.76,-3.4251175285426427,1.78,1.67,28.400000381469727,414.73,-0.173306053676725,477,0,1,6.622512483323909,15.409309791332259,33.581049698095676,8.142183158284775,0.0
2020-07-19,27.27,-5.180806675938809,1.77,1.78,28.629999923706052,414.08,-0.1567284739469099,470,0,1,6.244765774037039,7.109190887666927,37.72727272727272,3.3464271918353736,0.0
2020-07-26,27.22,-0.1833516685001868,1.72,1.77,25.107999801635746,413.42,-0.1593894899536208,463,0,1,6.302689514400122,-4.958100558659229,34.952900347050054,4.808223076726351,0.0
2020-08-02,27.32,0.3673769287288797,1.82,1.72,24.7,413.37,-0.0120942383048716,456,0,1,6.23937557816499,-8.260577568838146,36.87374749498997,4.660835954122076,0.0
2020-08-09,26.36,-3.513909224011713,2.13,1.82,23.17799987792969,412.95,-0.1016038899775084,449,0,1,5.882837557979471,-8.344923504867873,18.792248760703,8.898389291972988,0.0
2020-08-16,26.48,0.4552352048558417,2.17,2.13,22.523999786376955,412.59,-0.0871776244097399,442,0,1,5.871891850957244,-2.8969563623028938,19.386834986474312,8.476005911571795,0.0
2020-08-23,30.38,14.728096676737156,2.39,2.17,22.132000350952147,412.17,-0.1017959717879657,435,0,1,6.76096098138027,11.60911094783248,26.47793505412157,6.490396728090247,0.0
2020-08-30,28.13,-7.406188281764314,2.52,2.39,23.020000076293947,411.79,-0.0921949680956824,428,0,1,7.008861555940517,2.9648609077598698,23.485513608428434,6.548668677597538,0.0
2020-09-06,28.99,3.057234269463205,2.16,2.52,28.689999771118163,411.58,-0.0509968673352956,421,0,1,6.628646892047814,9.977238239757202,16.33226324237558,10.606079533737315,0.0
2020-09-13,28.68,-1.0693342531907457,2.16,2.16,29.212499618530277,411.67,0.0218669517469294,414,0,1,6.663074955472307,8.308157099697876,12.647289866457179,10.583553440103557,0.0
2020-09-20,26.75,-6.72942817294282,1.93,2.16,25.954000091552736,411.2,-0.114169116039553,407,0,1,5.974691715826491,-11.9486504279131,-6.5991620111731875,9.165911756835152,0.0
2020-09-27,27.59,3.140186915887844,1.68,1.93,27.62200012207031,411.27,0.0170233463034907,400,0,1,5.923261956039895,-1.9196587273373589,-7.3539288112827395,6.490862187936923,0.0
2020-10-04,26.24,-4.893077201884744,1.65,1.68,26.632000350952147,411.26,-0.0024314926933666,393,0,1,6.004220564382328,-9.486029665401862,-8.762169680111276,6.409204529943607,0.0
2020-10-11,25.4,-3.2012195121951192,1.91,1.65,27.371999740600582,411.32,0.0145893108982164,386,0,1,5.893158795651258,-11.436541143654122,-6.857352401906858,13.03175871829173,0.0
2020-10-18,25.98,2.2834645669291387,2.17,1.91,26.383999633789063,411.72,0.0972478848585201,379,0,1,5.945615787655482,-2.8785046728971975,-4.555473916238051,13.553162907797113,0.0
2020-10-25,24.19,-6.889915319476514,2.74,2.17,28.568000030517577,411.69,-0.0072865053920234,372,0,1,6.240893921144734,-12.323305545487495,-11.456808199121514,11.572385949850151,0.0
2020-11-01,25.85,6.862339809838769,3.09,2.74,36.33999938964844,411.96,0.0655833272607875,365,0,1,6.547513101851238,-1.4862804878048697,-1.9347496206373216,6.237520617133092,0.0
2020-11-08,26.68,3.210831721470009,2.78,3.09,30.93800010681152,412.98,0.2475968540635031,358,0,1,6.6118603990514915,5.039370078740157,0.7552870090634434,15.110112126608065,0.0
2020-11-15,27.15,1.761619190404784,2.75,2.78,24.49000015258789,412.74,-0.0581141943919782,351,0,1,4.859326113541495,4.503464203233243,-10.631994733377226,15.915784328960235,0.0
2020-11-22,28.59,5.303867403314921,2.39,2.75,23.162000274658205,414.04,0.3149682608906357,344,0,1,4.675625753356371,18.189334435717242,1.6352648418058946,11.600273120367309,0.0
2020-11-29,30.57,6.92549842602308,2.39,2.39,21.59749984741211,413.97,-0.0169065790744826,337,0,1,5.009231140822446,18.25918762088974,5.45015522593999,6.499886977889589,0.0
2020-12-06,30.98,1.341184167484455,2.69,2.39,20.916000366210938,413.6,-0.0893784573761435,330,0,1,4.98628808934196,16.116941529235397,8.019525801952575,10.479224355639511,0.0
2020-12-13,31.36,1.226597805035512,2.44,2.69,22.01599998474121,414.13,0.1281431334622773,323,0,1,4.393706635540671,15.506445672191527,17.23364485981309,11.418350561205958,0.0
2020-12-20,32.41,3.34821428571428,2.7,2.44,22.721999740600587,414.82,0.1666143481515503,316,0,1,4.40150295717373,13.36131514515564,17.470097861544033,10.150125813003323,0.0
2020-12-27,32.94,1.635297747608777,2.72,2.7,23.55749988555908,415.3,0.1157128393038053,309,0,1,3.9252653938633446,7.7526987242394485,25.53353658536586,10.071961386637412,0.0
2021-01-03,35.14,6.678809957498499,2.38,2.72,22.57500028610229,415.36,0.0144473874307715,302,0,2,3.771969724268157,13.428018076178173,38.34645669291339,10.483168807900178,0.0
2021-01-10,31.96,-9.049516220830956,2.74,2.38,24.26199989318848,415.04,-0.077041602465333,295,0,2,5.10002101022607,1.913265306122458,23.017705927636655,12.247217578511943,0.0
2021-01-17,34.45,7.790988735919901,2.82,2.74,23.44199981689453,415.39,0.0843292212798774,288,0,2,4.539543440983675,6.294353594569602,42.41422075237702,11.317254895621671,0.0
2021-01-24,33.18,-3.686502177068218,2.54,2.82,22.012499809265137,415.98,0.1420351958400623,281,0,2,4.75797355140922,0.7285974499089409,28.3558994197292,12.745656958341451,0.0
2021-01-31,38.43,15.822784810126578,2.71,2.54,29.3439998626709,417.09,0.2668397519111298,274,0,2,6.180189486681853,9.362549800796804,44.040479760119936,10.422295953153474,0.0
2021-02-07,40.28,4.813947436898269,3.12,2.71,24.270000076293947,416.89,-0.0479512814979932,267,0,2,6.175804259163899,26.032540675844796,48.36095764272561,10.423428939444909,0.0
2021-02-14,37.7,-6.405163853028794,4.63,3.12,21.215999603271484,416.48,-0.0983472858547718,260,0,2,6.764038398397762,9.433962264150942,31.864288212661783,24.534675712252522,0.0
2021-02-21,37.6,-0.2652519893899252,12.18,4.63,21.87499952316284,416.28,-0.048021513638119,253,0,2,6.6575789509199925,13.321277878239911,22.99640170101407,72.11376951154607,0.0
2021-02-28,39.36,4.680851063829783,2.86,12.18,24.94800033569336,417.93,0.3963678293456452,246,0,2,6.700048119603616,2.4199843871975046,27.049709489993546,98.97234203113612,0.0
2021-03-07,43.19,9.730691056910556,2.79,2.86,25.470000076293942,416.91,-0.2440600100495293,239,0,2,7.027630274564342,7.224428997020849,37.72321428571428,100.67331081581597,0.0
2021-03-14,42.31,-2.037508682565403,2.65,2.79,22.931999969482423,417.76,0.2038809335348057,232,0,2,7.168677586799906,12.228116710875337,30.54612773835239,101.51129157124967,0.0
2021-03-21,42.09,-0.5199716379106545,2.53,2.65,20.316000366210936,417.68,-0.0191497510532379,225,0,2,7.218476071730125,11.94148936170214,27.77777777777779,36.277598167928524,0.0
2021-03-28,42.81,1.7106200997861754,2.54,2.53,19.809999847412108,417.98,0.0718253208197738,218,0,2,7.085509472828746,8.765243902439025,21.826977803073433,2.4630863706136417,0.0
2021-04-04,44.03,2.849801448259748,2.54,2.54,19.269999980926517,419.24,0.3014498301354029,211,0,2,6.1929879541939705,1.944894651539708,37.76595744680851,2.881332644681873,0.0
2021-04-11,44.8,1.748807631160565,2.45,2.54,17.366000366210937,418.95,-0.0691727888560311,204,0,2,5.999456909551772,5.885133538170639,30.043541364296054,2.4822822761135477,0.0
2021-04-18,47.38,5.75892857142859,2.59,2.45,16.673999786376953,418.16,-0.1885666547320585,197,0,2,5.74687555460793,12.568306010928953,42.796865581675725,3.8174128738057984,0.0
2021-04-25,49.31,4.073448712536942,2.76,2.59,17.90200004577637,419.97,0.4328486703654155,190,0,2,4.18020348146579,15.183368371875726,28.311215196461113,4.803354690243926,0.0
2021-05-02,50.93,3.285337659703913,2.88,2.76,17.74000015258789,419.49,-0.1142938781341529,183,0,2,4.115372345704231,15.671133318192144,26.439920556107243,4.633425533895577,0.0
2021-05-09,57.23,12.36991949734929,2.95,2.88,18.403999710083006,418.45,-0.2479200934468073,176,0,2,4.176793860193173,27.745535714285708,51.80371352785145,1.803713791087442,0.0
2021-05-16,52.43,-8.387209505504101,2.93,2.95,22.205999755859374,419.05,0.143386306607729,169,0,2,5.354767213672146,10.658505698607001,39.44148936170213,3.0690974086302454,0.0
2021-05-23,51.58,-1.621209231356091,2.91,2.93,20.81199989318848,418.89,-0.0381816012409053,162,0,2,5.476031664693255,4.603528696004866,31.046747967479682,2.4764602728430463,0.0
2021-05-30,50.47,-2.15199689802249,2.86,2.91,17.620000076293945,419.51,0.1480102174795217,155,0,2,5.093591543235661,-0.9032004712350328,16.855753646677485,1.79632795462487,0.0
2021-06-06,53.07,5.151575193184077,3.03,2.86,17.460000038146973,419.47,-0.0095349336130201,148,0,2,5.072278573078321,-7.268914904770218,25.431340108721344,3.51933554453256,0.0
2021-06-13,52.26,-1.5262860373092213,3.12,3.03,16.62599983215332,419.03,-0.1048942713424261,141,0,2,5.126163846664623,-0.32424184627122266,24.162508909479662,3.5102747011853155,0.0
2021-06-20,55.48,6.161500191350933,3.28,3.12,18.002000045776366,418.44,-0.1408013746032499,134,0,2,5.267259498227024,7.56107018224117,29.59588881102544,3.43670575181693,0.0
2021-06-27,57.76,4.109589041095885,3.28,3.28,16.49199981689453,418.04,-0.0955931555300604,127,0,2,5.291508451996734,14.444224291658415,31.183284124460585,2.655471950264215,0.0
2021-07-04,54.67,-5.349722991689743,3.72,3.28,15.631999969482422,417.43,-0.1459190508085406,120,0,2,5.7496221933206,3.0148859996231403,22.031250000000014,5.755281723498218,0.0
2021-07-11,53.28,-2.542527894640567,3.65,3.72,16.955000400543213,417.48,0.011978056201034,113,0,2,5.732366000608882,1.9517795637198576,12.45251160827352,6.840895375292481,0.0
2021-07-18,51.26,-3.791291291291299,3.73,3.65,17.01600036621094,416.71,-0.1844399731723789,106,0,2,5.814380315863302,-7.606344628695028,3.954573108902859,6.860645600991429,0.0
2021-07-25,53.69,4.740538431525554,3.93,3.73,19.006000137329103,415.55,-0.2783710494108526,99,0,2,5.8929518288923095,-7.046398891966765,5.4192028274101745,6.480037778607957,0.0
2021-08-01,57.02,6.202272303967238,4.06,3.93,18.238000106811523,414.96,-0.1419805077608082,92,0,2,4.969378923954287,4.298518383025418,-0.36694041586579074,3.048367827537659,0.0
2021-08-08,55.74,-2.2448263767099297,4.15,4.06,17.779999923706054,414.52,-0.1060343165606325,85,0,2,4.287116394178326,4.61711711711712,6.313179477398445,1.488791672547057,0.0
2021-08-15,54.72,-1.829924650161474,4.1,4.15,16.14400005340576,414.88,0.0868474380005812,78,0,2,4.297335324364549,6.7499024580569555,6.08763086467623,2.7461442134999077,0.0
2021-08-22,59.32,8.406432748538005,3.9,4.1,19.16599998474121,413.79,-0.2627265715387517,71,0,2,4.74525538642235,10.486124045446088,17.53516940756885,3.6979788288581976,0.0
2021-08-29,61.63,3.894133513149023,4.07,3.9,17.277999877929688,413.19,-0.1450010875081564,64,0,2,4.669539627995495,8.084882497369339,16.12964009798379,4.045608954165162,0.0
2021-09-05,61.22,-0.6652604251176419,4.49,4.07,16.320000076293944,413.33,0.0338827173939293,57,0,2,4.62771087716077,9.8313598851812,17.145044010715658,6.639957572738374,0.05
2021-09-12,59.82,-2.2868343678536407,4.87,4.49,18.962499618530277,413.06,-0.0653231074444149,50,0,2,4.481836162532739,9.32017543859649,7.822638788752712,6.77060356313766,0.16666666666666666
2021-09-19,63.29,5.800735539953195,5.42,4.87,19.302000045776367,413.27,0.0508400716602963,43,0,2,4.62248369888378,6.692515171948754,9.574099722991702,3.066851057944449,0.2833333333333333
2021-09-26,62.45,-1.327223890030016,5.03,5.42,21.463999938964843,413.33,0.0145183536186976,36,0,2,4.263018815622376,1.3305208502352839,14.23083958295226,8.69017463059523,0.4
2021-10-03,58.76,-5.908726981585277,5.68,5.03,21.76199989318848,413.61,0.0677424817942196,29,0,2,4.626654723364744,-4.018294674942835,10.285285285285273,9.2300852007886,0.5166666666666667
2021-10-10,59.79,1.7528931245745394,5.87,5.68,20.713999938964843,413.86,0.0604434128768538,22,0,2,4.384346110589271,-0.05015045135406959,16.640655481857202,9.198054901122774,0.6333333333333333
2021-10-17,58.64,-1.9233985616323723,5.54,5.87,18.32999992370605,414.32,0.1111486976272058,15,0,2,4.341525770538972,-7.347132248380472,9.219593965356676,9.284120169814255,0.75
2021-10-24,59.08,0.7503410641200414,4.95,5.54,15.58799991607666,413.87,-0.1086117011005916,8,0,2,3.9991345350988183,-5.396317053642918,3.612767450017529,10.379514353663707,0.8666666666666667
2021-10-31,59.73,1.1002031144211166,5.68,4.95,16.197999954223633,414.14,0.0652378766279326,1,1,2,3.9161596087129253,1.6507828454731088,7.158234660925711,11.148571296895012,0.9833333333333333
2021-11-07,63.58,6.44567219152854,5.48,5.68,15.892000007629395,414.93,0.1907567489254802,365,0,2,4.161321399811105,6.338852650944982,16.191520467836252,11.083711697281151,0.0
2021-11-14,69.65,9.547027367096582,4.99,5.48,17.536000061035157,414.84,-0.021690405610597,358,0,2,4.346396286252384,18.775579809004107,17.414025623735686,11.629899477788303,0.0
2021-11-21,73.12,4.982053122756636,4.91,4.99,17.094000244140624,415.33,0.1181178285604156,351,0,2,4.41326221523234,23.76438727149628,18.643517767321114,10.202823271715168,0.0
2021-11-28,78.64,7.549234135667393,4.9,4.91,21.4375,416.12,0.1902101943033196,344,0,2,4.6725624086003075,31.659132764105145,28.454753348578897,3.832187911622558,0.0
2021-12-05,84.37,7.286368260427278,4.32,4.9,27.978000259399412,415.83,-0.069691435162944,337,0,2,4.65278718250683,32.69896193771626,41.0397860247409,5.631737239965271,0.0
2021-12-12,74.02,-12.26739362332584,3.68,4.32,21.84799995422363,416.41,0.139480075992604,330,0,2,6.298219737101922,6.274228284278527,16.95370516669299,7.296764864314896,0.0
2021-12-19,76.31,3.0937584436638854,3.78,3.68,20.72599983215332,417.45,0.2497538483705819,323,0,2,6.2469697880637955,4.362691466083146,22.1937550040032,8.589801750982506,0.0
2021-12-26,80.65,5.687328004193426,3.85,3.78,20.117499828338623,417.42,-0.007186489399924,316,0,2,5.816828434028013,2.5559511698880932,37.25323349217155,9.101163543403283,0.0
2022-01-02,85.42,5.914445133292001,3.57,3.85,17.344000244140624,417.37,-0.011978343155572,309,0,2,5.870343633758896,1.2445181936707295,42.86670011707643,8.295825685265095,0.0
2022-01-09,82.08,-3.9100913135097226,3.8,3.57,18.322000122070317,418.28,0.2180319620480597,302,0,2,6.052557316927607,10.888948932720899,39.97271487039562,5.822878085854139,0.0
2022-01-16,84.47,2.911793372319682,4.42,3.8,18.98600006103516,417.58,-0.1673520130056394,295,0,2,6.011057833527063,10.693225003276098,42.97562626946514,9.813027955114123,0.0
2022-01-23,89.22,5.623298212383099,4.5,4.42,25.270000457763672,419.09,0.3616073566741651,288,0,2,6.009570180615955,10.626162430254183,49.37217478653943,9.816582744295726,0.0
2022-01-30,96.45,8.103564223268322,4.6,4.5,30.23399963378906,419.15,0.0143167338757743,281,0,2,6.100018206132195,12.912666822758133,51.69864737338787,6.745188106939011,0.0
2022-02-06,92.87,-3.711767755313633,5.78,4.6,23.289999771118165,418.34,-0.1932482404866986,274,0,2,6.147265581126753,13.145711500974677,33.3381191672649,11.596694818408448,0.0
2022-02-13,89.47,-3.661031549477767,4.19,5.78,23.1060001373291,419.74,0.3346560214180005,267,0,2,6.346572974492184,5.919261276192733,22.3605032822757,21.76993852102147,0.0
2022-02-20,88.14,-1.4865317983681623,4.39,4.19,26.836000442504883,419.57,-0.040501262686432,260,0,2,6.146307479192528,-1.2104909213180859,12.080366225839278,21.877537074972373,0.0
2022-02-27,65.1,-26.140231449965967,4.62,4.39,29.43499994277954,419.16,-0.0977190933574734,253,0,2,9.668757073520762,-32.503888024883366,-22.839871992414373,21.972429814954364,0.0
2022-03-06,76.76,17.91090629800309,4.57,4.62,31.333999633789062,418.47,-0.1646149441740574,246,0,2,10.542360137597202,-17.346828900613765,3.701702242637128,15.51172149944061,0.0
2022-03-13,78.89,2.774882751433028,4.7,4.57,33.002000427246095,418.3,-0.0406241785552152,239,0,2,10.536621747005647,-11.82519280205655,3.380946140741714,2.8771889451841908,0.0
2022-03-20,78.6,-0.3676004563316071,4.68,4.7,27.562000274658203,418.13,-0.0406406885010812,232,0,2,10.427528643916595,-10.82368958475154,-2.5418474891506615,2.948573672258431,0.0
2022-03-27,78.49,-0.1399491094147609,5.14,4.68,22.504000091552733,420.32,0.5237605529380795,225,0,2,10.278170708429396,20.568356374807983,-8.112854132521663,4.996175666863674,0.0
2022-04-03,80.09,2.038476239011344,5.41,5.14,19.609999465942384,420.15,-0.0404453749524247,218,0,2,10.224930881399148,4.338196977592501,-2.4244639376218236,4.316812885109645,0.0
2022-04-10,79.97,-0.1498314396304212,6.08,5.41,20.881999969482425,420.11,-0.0095204093775946,211,0,2,10.19256241092097,1.3689948028901,-5.327335148573454,5.626040376747512,0.0
2022-04-17,88.99,11.27922971114168,6.64,6.08,23.287500381469727,420.33,0.0523672371521621,204,0,2,10.595696875121828,13.218829516539433,-0.25778973324367405,2.9502749609205505,0.0
2022-04-24,84.45,-5.101696819867396,7.1,6.64,22.95,420.14,-0.0452025789260845,197,0,2,10.422792357783916,7.593323990317247,-12.441679626749613,3.087449156413823,0.0
2022-05-01,91.54,8.395500296033154,6.81,7.1,31.10600051879883,420.13,-0.0023801589946192,190,0,2,10.673260452482355,14.296416531402167,-1.4321094002368917,7.154926074518984,0.0
2022-05-08,88.48,-3.342800961328385,8.04,6.81,29.68000030517578,421.07,0.2237402708685332,183,0,2,10.662518184556404,10.641490558959621,-1.1065161506650267,9.110430778474916,0.0
2022-05-15,80.39,-9.143309222423143,7.47,8.04,32.18800086975098,420.92,-0.0356235305293606,176,0,2,11.013723450041613,-9.664007191819302,-8.792829589289763,11.452021496892641,0.0
2022-05-22,84.2,4.739395447194927,8.21,7.47,28.66199989318848,421.44,0.1235389147581367,169,0,2,7.4115023744789585,-0.2960331557134377,29.339477726574525,11.843349895260777,0.0
2022-05-29,86.87,3.1710213776722007,8.79,8.21,27.90400009155273,421.58,0.0332194381169381,162,0,2,5.611383862172291,-5.101594931177633,13.170922355393433,10.47737245465769,0.0
2022-06-05,81.86,-5.767238402210206,8.54,8.79,25.347500324249268,421.26,-0.0759049290763314,155,0,2,5.923713681646361,-7.481916817359857,3.764735707947775,8.041829531480488,0.0
2022-06-12,82.37,0.6230149034937682,8.95,8.54,25.37799987792969,420.98,-0.0664672648720388,148,0,2,5.9179160919032325,2.4629929095658643,4.7964376590330815,5.465552016077872,0.0
2022-06-19,83.43,1.286876289911376,7.93,8.95,32.081999969482425,420.82,-0.0380065561309428,141,0,2,5.917123940548763,-0.9144893111638908,6.293795387947521,8.357016081174308,0.0
2022-06-26,85.58,2.577010667625545,6.43,7.93,28.855000019073486,420.26,-0.1330735231215296,134,0,2,5.9304815614290165,-1.4849775526649123,6.854788363091524,10.292580030431091,0.0
2022-07-03,82.79,-3.2601075017527403,6.35,6.43,27.77600021362305,419.69,-0.1356303240850898,127,0,2,6.038644278955362,1.1360860004886453,3.526322370889101,10.540625491040174,0.0
2022-07-10,85.38,3.128397149414175,5.9,6.35,26.24749994277954,419.03,-0.1572589292096582,120,0,2,5.0950958525025065,3.6542430496539824,-4.056635577031131,7.441526869051236,0.0
2022-07-17,76.3,-10.634809088779573,6.76,5.9,26.181999969482423,418.38,-0.1551201584611972,113,0,2,5.780816916171737,-8.546086539614063,-9.650680876258145,13.927190666035887,0.0
2022-07-24,78.55,2.948885976408921,7.76,6.76,23.963999938964843,417.8,-0.1386299536306645,106,0,2,5.186235236375791,-8.21453610656696,-14.190517806423431,11.141695887188082,0.0
2022-07-31,84.76,7.905792488860608,8.74,7.76,22.99000015258789,418.15,0.0837721397797919,99,0,2,5.738904767890089,2.379514434110397,-4.204339963833636,10.587792616287274,0.0
2022-08-07,88.87,4.84898537045777,8.14,8.74,22.2620002746582,417.29,-0.2056678225517028,92,0,2,5.148149587968726,4.087608339189508,10.548575693494211,10.477453773324326,0.0
2022-08-14,98.01,10.284685495667834,8.15,8.14,20.506000518798828,417.22,-0.0167749047425003,85,0,2,5.733455643121507,28.45347313237223,16.401425178147267,10.304522407946653,0.0
2022-08-21,90.31,-7.85634118967452,9.19,8.15,19.94000015258789,416.52,-0.1677771918891846,78,0,2,6.285494076634861,14.971355824315724,3.959940140439744,9.704566421204628,0.0
2022-08-28,77.89,-13.752629830583553,9.56,9.19,23.613999938964845,416.5,-0.0048016901949443,71,0,2,7.343769340705407,-8.105238319962249,-4.849743464451506,8.184641872657355,0.0
2022-09-04,66.08,-15.16240852484273,9.17,9.56,25.86399955749512,416.29,-0.0504201680672222,64,0,2,8.511952030945743,-25.64419939237088,-19.77661770061916,7.177507837375388,0.0
2022-09-11,73.27,10.880750605326872,8.3,9.17,24.487500190734863,416.0,-0.0696629753296984,57,0,2,9.216241032449288,-25.242322212019186,-12.177873666546812,9.714392180359585,0.05
2022-09-18,65.77,-10.236113006687598,8.42,8.3,25.97400016784668,415.52,-0.1153846153846172,50,0,2,9.541800793525328,-27.173070534824497,-23.147931759756958,6.01585637847133,0.16666666666666666
2022-09-25,66.73,1.459632051087123,7.69,8.42,27.636000061035155,415.53,0.002406623026574,43,0,2,9.570768814045277,-14.327898318140964,-19.398478077062453,5.0280542909851595,0.2833333333333333
2022-10-02,69.85,4.675558219691278,6.63,7.69,31.699999618530278,415.22,-0.0746035183981752,36,0,2,9.64668470797663,5.705205811138003,-18.189271492152738,6.44914672004058,0.4
2022-10-09,68.02,-2.619899785254109,6.01,6.63,29.920000076293945,415.46,0.0578006839747402,29,0,2,9.202810767982397,-7.165279104681321,-10.851900393184799,6.436390676891923,0.5166666666666667
2022-10-16,68.72,1.029109085563085,6.29,6.01,32.72200050354004,415.84,0.0914648822991415,22,0,2,9.152971938321922,4.485327656986482,-12.514322087842134,7.9601078002138514,0.6333333333333333
2022-10-23,81.21,18.17520372526193,5.48,6.29,30.460000228881835,416.26,0.1010003847633722,15,0,2,10.423817335535214,21.699385583695463,-4.188296366210487,8.548234885700586,0.75
2022-10-30,76.36,-5.9721709149119455,5.12,5.48,27.745999908447267,416.39,0.0312304809493957,8,0,2,10.447816386975495,9.319971367215473,-14.07674130752785,7.582100288044015,0.8666666666666667
2022-11-06,75.84,-0.6809848088004111,4.57,5.12,25.479999542236328,417.14,0.1801195994140192,1,1,2,9.857035277575477,11.496618641576028,-22.62014080195899,7.813246210193786,0.9833333333333333
2022-11-13,72.47,-4.443565400843886,4.34,4.57,24.406000518798827,417.25,0.0263700436304414,382,0,2,9.710516293847897,5.456926658905714,-19.754180046506487,3.6316256065343175,0.0
2022-11-20,78.97,8.969228646336425,6.06,4.34,23.886000442504884,418.48,0.2947872977831167,375,0,2,9.286196099767633,-2.758280999876861,1.3865708049813907,23.66300237901009,0.0
2022-11-27,87.98,11.409395973154378,6.41,6.06,21.12500047683716,417.69,-0.1887784362454625,368,0,2,8.329051424951325,15.217391304347828,33.14164648910412,22.54781282290738,0.0
2022-12-04,87.73,-0.2841554898840637,6.06,6.41,20.715999603271484,419.01,0.316023845435609,361,0,2,7.949583637158098,15.677742616033763,19.735225876893693,21.247735431967214,0.0
2022-12-11,83.68,-4.616436794711043,4.6,6.06,22.144000244140624,418.8,-0.0501181356053481,354,0,2,7.317083550517048,15.468469711604804,27.23126045309414,26.77946160081518,0.0
2022-12-18,86.85,3.788240917782004,6.78,4.6,22.827999877929688,419.19,0.0931232091690548,347,0,2,7.324847493440904,9.978472837786502,30.151356211598966,30.2772903950655,0.0
2022-12-25,79.4,-8.578008059873332,6.35,6.78,21.361999893188475,419.43,0.0572532741716091,340,0,2,7.933119765054374,-9.752216412821092,13.672154617036526,30.894308198799497,0.0
2023-01-01,75.55,-4.848866498740567,4.06,6.35,21.72499990463257,419.29,-0.0333786329065555,333,0,2,8.059557661263218,-13.883506212242114,11.07027344898559,36.85955377158495,0.0
2023-01-08,77.2,2.183984116479154,3.65,4.06,22.12499952316284,419.57,0.0667795559159412,326,0,2,8.064716857488246,-7.74378585086043,12.339930151338763,35.03400454095376,0.0
2023-01-15,82.6,6.994818652849721,3.46,3.65,20.16399993896484,419.17,-0.0953357008365629,319,0,2,6.408444166654799,-4.893494530800235,1.7116118704592953,14.574550698398633,0.0
2023-01-22,86.94,5.254237288135588,3.17,3.46,20.017500400543213,419.73,0.1335973471384033,312,0,2,6.22202732075504,9.496221662468507,13.855421686746983,14.229024861332137,0.0
2023-01-29,90.9,4.554865424430643,3.08,3.17,19.06599998474121,419.81,0.0190598718223578,305,0,2,6.25684884801569,20.317670416942434,19.857594936708868,3.2402910312471223,0.0
2023-02-05,90.44,-0.5060506050605151,2.64,3.08,18.85400009155273,420.2,0.0928991686715452,298,0,2,6.003572160770688,17.1502590673575,24.796467503794673,4.955971268890582,0.0
2023-02-12,93.33,3.195488721804507,2.34,2.64,19.79199981689453,420.81,0.1451689671585043,291,0,2,5.615415826741886,12.990314769975786,18.184120552108386,4.887922591479924,0.0
2023-02-19,94.79,1.5643415836279928,2.41,2.34,19.53400001525879,419.58,-0.2922934340913952,284,0,2,4.685481905388221,9.029215550954683,7.740395544441925,7.909884180916717,0.0
2023-02-26,89.27,-5.823399092731307,2.18,2.41,21.99250030517578,421.56,0.471900471900466,277,0,2,5.052448720870859,-1.7931793179318034,1.7553858429271596,7.615964569844904,0.0
2023-03-05,96.83,8.468690489526164,2.6,2.18,20.062000274658203,421.21,-0.0830249549293116,270,0,2,5.3089971306130375,7.065457762052185,15.714627151051609,14.140789331900216,0.0
2023-03-12,85.57,-11.628627491479914,2.48,2.6,20.944000244140625,420.21,-0.2374112675387563,263,0,2,6.416295108701236,-8.31458266366657,-1.4738054116292476,12.597810578572947,0.0
2023-03-19,85.4,-0.1986677573915907,2.47,2.48,24.977999877929687,420.78,0.1356464624830522,256,0,2,5.817701869087099,-9.906108239265743,7.5566750629722845,12.625283225073215,0.0
2023-03-26,91.75,7.435597189695553,2.06,2.47,22.42799987792969,421.69,0.216265031607965,249,0,2,5.820378103352387,2.778088943654078,21.4427531436135,14.908562242130438,0.0
2023-04-02,96.75,5.449591280653943,2.01,2.06,19.48200035095215,422.75,0.2513694894353602,242,0,2,5.915966075440039,-0.08261902303005053,25.32383419689119,7.26517677518507,0.0
2023-04-09,94.11,-2.72868217054264,2.14,2.01,18.75749969482422,422.96,0.0496747486694149,235,0,2,5.844590574087628,9.980133224260857,13.934624697336574,9.685291537914804,0.0
2023-04-16,89.86,-4.515991924343854,2.09,2.14,18.405999755859376,423.5,0.127671647437122,228,0,2,5.916621196784932,5.2224824355971755,3.358638141246839,9.543715595701828,0.0
2023-04-23,87.65,-2.4593812597373588,2.21,2.09,16.836000061035158,424.08,0.1369539551357768,221,0,2,5.81869852304245,-4.4686648501362285,-3.575357535753576,4.908757355315614,0.0
2023-04-30,84.96,-3.069024529378217,2.2,2.21,17.460000038146973,423.98,-0.0235804565176356,214,0,2,5.879849313649724,-12.186046511627913,-6.0592658115877995,4.407376766390848,0.0
2023-05-07,88.93,4.67278719397366,2.03,2.2,17.89600028991699,424.29,0.0731166564460483,207,0,2,5.9757239243303815,-5.504197216023798,-4.714454087645981,5.557025549754131,0.0
2023-05-14,89.43,0.5622399640166531,2.1,2.03,17.118000030517578,423.39,-0.2121190695043573,200,0,2,5.955243570719367,-0.4785221455597566,-5.65460491613039,5.902464969481485,0.0
2023-05-21,83.13,-7.044615900704477,2.29,2.1,16.96800003051758,423.94,0.1299038711353617,193,0,2,6.067229463136323,-5.156873930405026,-6.878010529853251,7.047653382039508,0.0
2023-05-28,78.52,-5.545531095873935,2.17,2.29,18.572000122070317,424.65,0.1674765296975966,186,0,2,5.525002294162166,-7.580037664783424,-18.909428896003313,7.764547654003887,0.0
2023-06-04,86.14,9.704533876719324,1.93,2.17,16.41249990463257,424.38,-0.0635817732250076,179,0,2,5.4323511354103164,-3.1372989992128675,0.6661213041954106,8.942651507069419,0.0
2023-06-11,91.92,6.7100069654051575,1.99,1.93,14.021999740600586,424.14,-0.0565530892124965,172,0,2,5.7446933230478185,2.7843005702784307,7.634660421545658,8.888431090904577,0.0
2023-06-18,87.55,-4.754134029590951,2.05,1.99,14.307999992370606,423.49,-0.1532512849530709,165,0,2,5.53156905051698,5.316973415132931,-4.57765667574932,6.895592909115438,0.0
2023-06-25,89.57,2.3072529982866907,2.28,2.05,13.357499837875366,422.19,-0.3069730099884316,158,0,2,5.306964804471307,14.072847682119205,-7.42118863049096,9.257138295370527,0.0
2023-07-02,86.15,-3.818242715194808,2.58,2.28,13.710000038146973,422.62,0.1018498780170018,151,0,2,5.357393012440377,0.01160900859067393,-8.458187227712244,5.328565606374774,0.0
2023-07-09,86.35,0.2321532211259303,2.53,2.58,14.50499987602234,422.35,-0.0638871799725437,144,0,2,5.215681357029527,-6.059617058311584,-3.9060761184064208,7.068032411577298,0.0
2023-07-16,91.82,6.334684423856407,2.53,2.53,14.079999923706056,421.34,-0.2391381555581939,137,0,2,5.481694745026775,4.877213021130777,4.757558471192236,7.678574344586045,0.0
2023-07-23,88.7,-3.397952515791758,2.54,2.53,13.626000022888183,421.28,-0.0142402810082153,130,0,2,5.502080974278454,-0.9713073573741071,4.4020715630885165,6.911685245969509,0.0
2023-07-30,83.41,-5.963923337091326,2.59,2.54,13.739999771118164,420.83,-0.1068173186479226,123,0,2,5.623638637988599,-3.1804991294254292,-6.207129202743744,1.6064140511227165,0.0
2023-08-06,86.8,4.064260879990411,2.49,2.59,15.334000205993652,420.02,-0.1924767720932418,116,0,2,5.766567561898862,0.5211349160393786,-2.9408475902940934,2.475086021376006,0.0
2023-08-13,88.05,1.440092165898621,2.76,2.49,15.682000160217283,418.98,-0.2476072567972886,109,0,2,5.341867467023831,-4.105859289915048,5.918440996030316,6.182766278268938,0.0
2023-08-20,85.25,-3.18001135718341,2.59,2.76,16.649999618530273,419.31,0.0787627094372078,102,0,2,5.13367691218407,-3.8895152198421656,8.571064696892527,7.579611088260821,0.0
2023-08-27,85.64,0.4574780058651084,2.53,2.59,16.591999816894532,419.27,-0.009539481529186,95,0,2,4.303521547966673,2.6735403428845617,-0.580450429533319,7.642718851813806,0.0
2023-09-03,81.62,-4.694068192433443,2.57,2.53,14.013999938964844,418.64,-0.1502611682209553,88,0,2,3.939497770387912,-5.967741935483861,-11.205395996518707,7.2912294005141876,0.0
2023-09-10,82.1,0.588091154128878,2.52,2.57,14.174999952316284,418.52,-0.0286642461303276,81,0,2,3.7640810069289383,-6.757524134014769,-6.225014277555685,3.1649708931177503,0.0
2023-09-17,85.3,3.897685749086488,2.71,2.52,13.623999786376952,418.33,-0.045398069387359,74,0,2,3.8964029726022784,0.05865102639295294,-4.767221167801717,4.567884996441977,0.0
2023-09-24,81.45,-4.513481828839383,2.62,2.71,15.59800033569336,418.29,-0.0095618291779175,67,0,2,3.9575667384522886,-4.892573563755254,-5.455600696459662,4.84586319070662,0.0
2023-10-01,80.62,-1.0190300798035623,2.66,2.62,17.78400001525879,418.31,0.0047813717755529,60,0,2,3.956035218922328,-1.2251899044351866,-6.635784597568028,4.843631919257365,0.0
2023-10-08,85.66,6.251550483750923,2.91,2.66,18.382000350952147,418.53,0.0525925748846578,53,0,2,3.9430318234202044,4.33617539585871,-6.70877804399913,5.808170247265862,0.11666666666666667
2023-10-15,81.67,-4.657950035022173,3.2,2.91,17.366000366210937,419.46,0.2222062934556623,46,0,2,4.042569670641718,-4.255568581477132,-7.925591882750849,6.424721625927569,0.23333333333333334
2023-10-22,79.36,-2.8284559813885224,2.86,3.2,19.483999252319336,418.91,-0.1311209650502909,39,0,2,3.7563124707472433,-2.565991405770418,-4.855532909723048,9.600697927509158,0.35
2023-10-29,77.2,-2.7217741935483875,2.89,2.86,20.296000289916996,419.05,0.0334200663627104,32,0,2,3.535762439102547,-4.242123542545273,-11.059907834101379,9.620895804170882,0.4666666666666667
2023-11-05,78.5,1.6839378238342029,3.17,2.89,17.06599998474121,419.28,0.0548860517837868,25,0,2,3.5511948669129927,-8.358627130515995,-10.846110164679157,9.691595307289333,0.5833333333333334
2023-11-12,76.23,-2.8917197452229204,2.46,3.17,14.722000122070312,421.22,0.4626979584049007,18,0,2,3.535268162869374,-6.660952614179005,-10.580645161290313,13.96843818061598,0.7
2023-11-19,76.46,0.3017184835366615,2.74,2.46,14.24400005340576,421.21,-0.0023740563126262,11,0,2,3.5302309294260845,-3.654233870967749,-10.719290051377872,15.557946204095103,0.8166666666666667
2023-11-26,72.45,-5.244572325398888,2.64,2.74,13.017500162124634,420.31,-0.2136701407848718,4,1,2,3.587363739383493,-6.152849740932642,-11.234991423670671,15.622598221941,0.9333333333333333
2023-12-03,68.62,-5.286404416839197,2.72,2.64,12.781999778747558,421.02,0.1689229378315948,344,0,2,3.758199388760562,-12.585987261146492,-16.419001218026786,14.374288442070268,0.0
2023-12-10,67.57,-1.530166132322952,2.62,2.72,12.862000274658204,422.2,0.2802717210583783,337,0,2,3.366334931180038,-11.360356814902284,-20.78546307151231,7.141838504618233,0.0
2023-12-17,76.94,13.867100784371766,2.38,2.62,12.329999732971192,422.24,0.0094741828517319,330,0,2,5.536810102108351,0.6277792309704378,-5.537139349294051,4.988770460351779,0.0
2023-12-24,77.98,1.351702625422413,2.5,2.38,13.08799991607666,421.86,-0.0899962106858609,323,0,2,5.5526379105709305,7.6328502415458965,-3.2746216819647733,6.4899226866897335,0.0
2023-12-31,73.97,-5.14234419081816,2.56,2.5,12.585000038146973,422.52,0.1564500071113528,316,0,2,5.329636314826022,7.796560769454963,-13.646976418398316,6.359604467458127,0.0
2024-01-07,63.8,-13.748817088008655,2.68,2.56,13.680000066757202,423.49,0.2295749313641959,309,0,2,6.417695508931464,-5.579399141630892,-21.880739561650554,6.704767695138594,0.0
2024-01-14,63.42,-0.5956112852664508,5.11,2.68,12.733999824523924,422.84,-0.1534865049942269,302,0,2,6.419089590053502,-17.57213413049129,-20.085685483870964,43.33005755266574,0.0
2024-01-21,63.1,-0.5045726900031577,2.92,5.11,14.015000104904177,422.86,0.004729921483304,295,0,2,6.417755622833379,-19.08181585021801,-18.26424870466321,55.77411766365156,0.0
2024-01-28,63.5,0.6339144215530945,2.38,2.92,13.118000030517578,422.28,-0.1371612353970652,288,0,2,6.377754351602175,-14.154386913613626,-19.108280254777064,58.1174103508329,0.0
2024-02-04,58.8,-7.401574803149613,2.21,2.38,13.79800033569336,425.83,0.840674434024824,281,0,2,6.592257388975313,-7.836990595611281,-22.865013774104693,58.67460263306419,0.0
2024-02-11,57.11,-2.874149659863945,1.93,2.21,13.056000137329102,423.54,-0.5377732898104837,274,0,2,6.557666339381019,-9.949542730999683,-25.30735024849594,15.741888861079333,0.0
2024-02-18,52.51,-8.054631413062518,1.59,1.93,14.482000160217286,425.21,0.394295698163094,267,0,2,6.7240866962180785,-16.782884310618073,-27.5224292615597,5.229936155956235,0.0
2024-02-25,56.31,7.236716815844613,1.56,1.59,14.762500047683716,425.13,-0.0188142329672347,260,0,2,7.197386747423798,-11.322834645669289,-17.939376275138443,6.807101993253224,0.0
2024-03-03,58.5,3.8891848694725617,1.58,1.56,13.50399990081787,425.45,0.0752710935478573,253,0,2,7.356526418205597,-0.5102040816326481,-13.423116767796351,8.897656498584384,0.0
2024-03-10,59.38,1.5042735042735125,1.55,1.58,14.32599983215332,425.74,0.0681631214008771,246,0,2,5.793106616508834,3.974785501663458,-22.822978944632176,8.523469063830994,0.0
2024-03-17,61.5,3.570225665207128,1.4,1.55,14.323999977111816,425.37,-0.0869075022314147,239,0,2,5.942417134636976,17.120548466958674,-21.133624006155426,4.667894927217412,0.0
2024-03-24,61.93,0.6991869918699267,1.54,1.4,13.434000015258787,425.04,-0.0775795190069761,232,0,2,5.881843732521208,9.980465281477535,-16.276869000946327,8.142065018605136,0.0
2024-03-31,61.01,-1.4855481995801778,1.48,1.54,13.054999828338625,426.35,0.3082062864671497,225,0,2,4.4022693691413854,4.29059829059828,-4.373040752351098,8.26540706951497,0.0
2024-04-07,71.64,17.423373217505333,1.7,1.48,14.99400005340576,425.86,-0.1149290489034893,218,0,2,6.738629410462235,20.64668238464129,12.961210974455994,11.51698281566208,0.0
2024-04-14,68.52,-4.355108877721947,1.69,1.7,15.637999725341796,426.34,0.1127130982012669,211,0,2,6.9175022694622355,11.414634146341452,8.58954041204436,8.806217445409038,0.0
2024-04-21,67.51,-1.4740221833041356,1.46,1.69,18.509999465942386,427.94,0.3752873293615399,204,0,2,6.951521377268483,9.01017277571452,6.3149606299212735,11.819488736130646,0.0
2024-04-28,71.84,6.413864612649967,1.54,1.46,15.8,426.8,-0.266392484927791,197,0,2,6.619718500210372,17.751188329782018,22.176870748299326,11.931848292418671,0.0
2024-05-05,71.59,-0.3479955456570205,1.64,1.54,14.776000022888184,426.92,0.0281162136832158,190,0,2,6.493953099358575,-0.06979341150195051,25.35457888285766,9.246914348372446,0.0
2024-05-12,70.52,-1.4946221539321236,2.0,1.64,12.99199981689453,427.03,0.0257659514663055,183,0,2,5.802050162209407,2.9188558085230687,34.29822890877927,14.561270516456123,0.0
2024-05-19,75.78,7.458876914350543,2.23,2.0,12.776000022888184,426.64,-0.0913284780928669,176,0,2,5.818411399529444,12.250037031550875,34.57645178476292,7.537839464034479,0.0
2024-05-26,74.07,-2.256532066508321,2.48,2.23,12.2,426.88,0.0562535158447508,169,0,2,5.967988427486358,3.1041202672605683,26.615384615384595,6.525127328303196,0.0
2024-06-02,71.42,-3.577696773322525,2.03,2.48,13.647500038146973,427.06,0.0421664167916002,162,0,2,6.193112738184468,-0.2374633328677267,20.27618726844056,17.255421035295367,0.0
2024-06-09,68.53,-4.046485578269388,2.43,2.03,12.739999961853028,427.33,0.0632229663279027,155,0,2,6.373323766846584,-2.821894498014743,11.430894308943085,16.615094800009874,0.0
2024-06-16,68.05,-0.7004231723332865,2.73,2.43,12.445999908447266,426.73,-0.1404067114407992,148,0,2,6.393695956849333,-10.200580628134082,9.88212497981591,16.71235863314478,0.0
2024-06-23,67.36,-1.013960323291696,2.44,2.73,12.882499933242798,426.47,-0.0609284559323186,141,0,2,6.378708523619214,-9.05899824490346,10.408129814784473,18.074623768574,0.0
2024-06-30,70.35,4.438836104513055,2.52,2.44,12.679999923706054,425.61,-0.201655450559246,134,0,2,3.9963510745516686,-1.498179781573794,-1.8006700167504275,13.059792536526228,0.0
2024-07-07,69.35,-1.421464108031267,2.08,2.52,12.204999923706056,426.25,0.1503724066633793,127,0,2,3.795721378289898,1.1965562527360252,1.2113251605370579,13.44204473353888,0.0
2024-07-14,66.0,-4.83056957462148,2.26,2.08,12.622000122070313,425.95,-0.0703812316715568,120,0,2,4.043086737814328,-3.012490815576774,-2.2367056732336077,12.084892899562586,0.0
2024-07-21,67.87,2.833333333333332,2.02,2.26,14.647999954223632,424.8,-0.2699847399929567,113,0,2,3.6283153001932114,0.7571258907363543,-5.52616926503341,12.084304209392206,0.0
2024-07-28,70.58,3.992927655812584,2.06,2.02,16.50399990081787,424.88,0.0188323917137411,106,0,2,3.8453161399931894,0.32693674484720603,-1.4108115658611586,11.837195113400806,0.0
2024-08-04,70.14,-0.623406064040799,1.9,2.06,18.52600021362305,424.18,-0.1647524006778367,99,0,2,3.82375600612382,1.1391492429704497,-0.5388542257515505,8.886028601135495,0.0
2024-08-11,72.52,3.3932135728542923,1.88,1.9,27.658000183105468,422.42,-0.4149181951058511,92,0,2,3.2404478704160153,9.878787878787865,-4.301926629717611,5.828814713894993,0.0
2024-08-18,71.13,-1.9167126309983409,2.13,1.88,17.010000038146973,422.83,0.0970597983049881,85,0,2,3.223403976024514,4.803300427287449,-3.969218307006883,8.789404135679288,0.0
2024-08-25,70.3,-1.1668775481512683,2.04,2.13,16.04199981689453,421.36,-0.3476574509850172,78,0,2,3.071366902806758,-0.39671294984414684,-1.56818818258192,9.23950199395868,0.0
2024-09-01,66.5,-5.405405405405405,1.94,2.04,15.868000030517578,422.33,0.2302069489272806,71,0,2,3.250402479499582,-5.189620758483038,-2.962206332992856,8.512615999958763,0.0
2024-09-08,64.99,-2.270676691729334,2.02,1.94,21.079999446868896,422.06,-0.0639310491795441,64,0,2,3.303479100359178,-10.383342526199668,-4.496693607641444,8.534683982600134,0.0
2024-09-15,63.39,-2.461917218033538,2.13,2.02,17.970000076293946,421.98,-0.0189546509974825,57,0,2,3.3566466844138394,-10.881484605651615,-5.893705463182897,5.431173670446531,0.05
2024-09-22,66.33,4.637955513487935,2.26,2.13,17.091999816894532,421.71,-0.0639840750746523,50,0,2,3.3834140953398086,-5.647226173541964,-5.714285714285705,5.129552238517519,0.16666666666666666
2024-09-29,62.05,-6.452585557063173,2.56,2.26,15.803999900817873,421.95,0.0569111474710171,43,0,2,3.8023299312021854,-6.691729323308271,-10.526315789473683,4.108390379671467,0.2833333333333333
2024-10-06,64.62,4.14182111200645,2.66,2.56,18.91799964904785,422.16,0.0497689299680192,36,0,2,3.831748850462028,-0.5693183566702453,-2.0909090909090877,4.164372682865682,0.4
2024-10-13,62.28,-3.621169916434541,2.4,2.66,21.26199989318848,422.62,0.1089634261891125,29,0,2,3.8343185807138522,-1.7510648367250359,-8.23633416826286,9.637258933210328,0.5166666666666667
2024-10-20,66.97,7.530507385998719,2.15,2.4,19.412000274658205,422.17,-0.1064786332875877,22,0,2,4.3276618788032275,0.964872606663647,-5.114763389062061,11.449127125219944,0.6333333333333333
2024-10-27,63.87,-4.628938330595789,1.88,2.15,19.044000244140623,423.15,0.2321339744652428,15,0,2,4.501541008668884,2.9331184528605947,-8.939264328485885,7.506278524910526,0.75
2024-11-03,68.02,6.497573195553463,1.83,1.88,20.905999755859376,423.34,0.0449013352239235,8,0,2,4.834134658653297,5.2615289384091435,-6.205184776613349,4.296536363626574,0.8666666666666667
2024-11-10,68.01,-0.014701558365171,1.5,1.83,17.77599983215332,423.6,0.0614163556479585,1,1,2,4.811957754168183,9.200385356454731,-4.386334879797538,6.3708495418722535,0.9833333333333333
2024-11-17,69.27,1.8526687251874565,1.79,1.5,14.830000114440915,423.96,0.0849858356940513,358,0,2,4.839543217302518,3.4343736001194447,-1.4651493598862086,16.485523926238194,0.0
2024-11-24,69.12,-0.2165439584235429,2.35,1.79,16.24000015258789,424.59,0.1485989244268237,351,0,2,4.53658143208883,8.21982151244718,3.9398496240601544,22.067236670620098,0.0
2024-12-01,69.0,-0.173611111111116,3.19,2.35,14.077500343322754,424.95,0.0847876775242006,344,0,2,4.463473183564548,1.4407527197882963,6.170180027696581,24.41403451425699,0.0
2024-12-08,65.11,-5.637681159420294,2.9,3.19,13.280000114440918,425.67,0.1694316978468224,337,0,2,4.7461346193996015,-4.264078811939431,2.7133617289793355,20.166881084208406,0.0
2024-12-15,66.85,2.672400552910448,3.03,2.9,13.936000061035156,424.96,-0.1667958747386566,330,0,2,4.615935795604439,-3.4935758625667668,0.7839589929142132,21.48688511208415,0.0
2024-12-22,70.15,4.936424831712816,3.0,3.03,20.126000213623048,425.59,0.1482492469879526,323,0,2,4.291618281650458,1.490162037037046,13.053988718775189,19.61462402599659,0.0
2024-12-29,74.45,6.129722024233786,2.94,3.0,15.43250012397766,426.08,0.1151342841702041,316,0,2,4.454497293929097,7.898550724637676,15.21200866604766,5.576339905033647,0.0
2025-01-05,73.34,-1.4909335124244416,3.46,2.94,17.202499866485596,426.31,0.0539804731505944,309,0,2,4.280593575369215,12.64014744278914,17.758509955041756,9.054326472949231,0.0
2025-01-12,77.6,5.808562857921995,3.93,3.46,17.77500057220459,426.78,0.1102484107808887,302,0,2,4.082691069240318,16.080777860882577,15.872778856204262,10.039624164083854,0.0
2025-01-19,79.95,3.028350515463929,5.47,3.93,17.31800022125244,426.86,0.0187450208538386,295,0,2,3.6447786741140207,13.970064148253748,25.176139032409584,16.98330349423535,0.0
2025-01-26,82.19,2.801751094434013,4.02,5.47,15.007500410079956,426.92,0.0140561308157316,288,0,2,3.371411111791176,10.396239086635317,20.832108203469566,27.4025303760414,0.0
2025-02-02,80.65,-1.8737072636573648,3.31,4.02,16.62799987792969,427.05,0.0304506699147388,281,0,2,3.494875931372732,9.9672757022089,18.5855021320394,30.08973263483621,0.0
2025-02-09,78.12,-3.1370117792932417,3.28,3.31,16.728000259399415,426.86,-0.0444912773679861,274,0,2,3.7358615723525372,0.670103092783525,12.776093546990053,29.110659047947685,0.0
2025-02-16,72.37,-7.360471070148488,4.03,3.28,15.518000411987304,427.67,0.1897577660122662,267,0,2,4.458874161407102,-9.480925578486554,4.701967592592582,21.71761640800448,0.0
2025-02-23,69.56,-3.882824374740923,5.9,4.03,16.12249994277954,427.02,-0.1519863446115099,260,0,2,4.633111151184712,-15.366832948047204,0.8115942028985579,27.96504242050001,0.0
2025-03-02,67.21,-3.3783783783783883,3.89,5.9,19.653999710083006,428.15,0.2646246077466996,253,0,2,4.416667482312438,-16.664600123992578,3.225311012133303,34.36768484866752,0.0
2025-03-09,70.06,4.24044041065319,4.27,3.89,23.292000579833985,428.74,0.1378021721359479,246,0,2,4.513610449807847,-10.317460317460325,4.801795063575187,33.79589221896924,0.0
2025-03-16,70.51,0.6423065943476969,4.15,4.27,25.088000106811524,428.33,-0.0956290525726655,239,0,2,4.293481227383603,-2.5701257427110713,0.5131860299358415,33.28679783959246,0.0
2025-03-23,67.91,-3.6874202240817056,4.14,4.15,20.238000106811523,428.01,-0.0747087525972967,232,0,2,3.9688078567068796,-2.372052903967803,-8.784419073203498,18.94716733688514,0.0
2025-03-30,63.08,-7.112354586953318,3.92,4.14,18.65999984741211,427.65,-0.0841101843414904,225,0,2,4.382079488683196,-6.144918910876351,-13.989637305699487,6.61131600823674,0.0
2025-04-06,64.08,1.5852885225110969,4.07,3.92,28.17800064086914,429.24,0.371799368642578,218,0,2,3.9164540687814706,-8.535540964887245,-17.42268041237113,3.902428859249365,0.0
2025-04-13,65.12,1.6229712858926382,3.67,4.07,42.242000579833984,430.03,0.1840462212282068,211,0,2,3.7872482647677765,-7.6443057722308865,-18.549093183239517,5.9481362915612905,0.0
2025-04-20,65.69,0.8753071253071232,3.26,3.67,30.824999809265137,430.01,-0.0046508383136023,204,0,2,3.6195081922953287,-3.269032543071715,-20.075434967757634,6.778860695266571,0.0
2025-04-27,68.0,3.5165169736641744,3.0,3.26,28.82999992370605,430.59,0.1348805841724587,197,0,2,3.92923115561185,7.799619530754609,-15.68505889646622,6.868601837859055,0.0
2025-05-04,69.6,2.35294117647058,3.09,3.0,24.26000022888184,430.86,0.0627046610464754,190,0,2,4.019502055181239,8.614232209737827,-10.906298003072212,6.463407367607775,0.0
2025-05-11,70.16,0.8045977011494232,3.19,3.09,23.265999603271485,430.58,-0.0649863064568601,183,0,2,3.477734041985018,7.739557739557723,-3.0537515545115523,7.44344465565224,0.0
2025-05-18,70.76,0.8551881413911167,3.2,3.19,18.059999847412108,430.35,-0.0534163221700856,176,0,2,3.2854603174308243,7.7180697214187965,1.7251293847038607,5.249487015412982,0.0
2025-05-25,69.61,-1.6252119841718593,3.05,3.2,19.934000396728518,430.18,-0.039502730335772,169,0,2,3.148323545391891,2.36764705882353,3.570897187918476,3.682265723595483,0.0
2025-06-01,72.67,4.395920126418629,3.03,3.05,19.00499963760376,429.96,-0.0511413826770223,162,0,2,3.1661079508912757,4.410919540229896,3.7253782472166597,3.274651844322971,0.0
2025-06-08,75.94,4.499793587450118,2.84,3.03,17.78200035095215,429.93,-0.0069773932458772,155,0,2,3.3864061557415917,8.238312428734318,7.701035314139837,3.1568446969612687,0.0
2025-06-15,72.97,-3.910982354490389,2.84,2.84,18.042000198364256,429.39,-0.125601842160361,148,0,2,3.4130892261782173,3.123233465234576,7.451038138712995,3.055211298586459,0.0
2025-06-22,70.96,-2.7545566671234867,3.08,2.84,20.36750030517578,429.48,0.0209599664640514,141,0,2,2.6603438292912736,1.9393765263611362,12.492073557387439,6.071360498438144,0.0
2025-06-29,71.67,1.0005636978579702,3.3,3.08,17.395999908447266,428.7,-0.1816149762503549,134,0,2,2.654359893196181,-1.3760836658868847,11.844569288389529,6.831942081404933,0.0
2025-07-06,70.55,-1.5627180131156715,3.19,3.3,16.644999504089355,428.41,-0.067646372754837,127,0,2,2.740948262498093,-7.09770871740848,8.338452088452076,5.6559002617317935,0.0
2025-07-13,69.89,-0.9355067328136067,3.17,3.19,16.543999862670898,427.9,-0.1190448402231592,120,0,2,2.780221707098689,-4.220912703850899,6.39366722484398,5.776555011654368,0.0
2025-07-20,71.34,2.0746887966805128,3.39,3.17,16.93400001525879,427.52,-0.0888057957466714,113,0,2,2.669456127268171,0.535512965050744,4.911764705882349,5.325165888940956,0.0
2025-07-27,71.04,-0.420521446593769,3.19,3.39,15.768000030517578,426.57,-0.2222118263473071,106,0,2,2.6074487732996285,-0.8790288823775527,2.0689655172414056,5.548083140655194,0.0
2025-08-03,73.21,3.0546171171170977,3.03,3.19,16.71799945831299,425.87,-0.1640996788334847,99,0,2,2.7326332246448555,3.770375620127564,4.347206385404778,5.865885105554707,0.0
2025-08-10,70.68,-3.455812047534468,2.99,3.03,16.772000122070313,425.44,-0.1009697795101849,92,0,2,2.941227352326496,1.13034768922593,-0.11305822498586249,5.855489926286748,0.0
2025-08-17,72.53,2.6174306734578323,2.94,2.99,15.077999877929688,425.65,0.0493606619029751,85,0,2,2.978924108697336,1.6680684048219652,4.194799597758947,2.3199319290511324,0.0
2025-08-24,72.99,0.6342203226251231,2.85,2.94,15.413999938964844,425.02,-0.1480089275226137,78,0,2,2.7035094813356126,2.744932432432412,0.44034677308379955,1.6768051955420737,0.0
2025-08-31,76.04,4.1786546102206,2.85,2.85,14.810000038146972,425.23,0.0494094395558031,71,0,2,2.6568614617849624,3.865592132222395,0.13168290755860568,1.2581366018213807,0.0
2025-09-07,75.77,-0.3550762756444059,2.97,2.85,16.00000023841858,424.25,-0.2304635138630884,64,0,2,2.3571247293115456,7.2014714204866825,3.8371933671371705,3.153180946371661,0.0
2025-09-14,77.55,2.349214728784488,2.96,2.97,14.99400005340576,423.98,-0.0636417206835604,57,0,2,2.2035050378019894,6.921273955604579,9.286922209695604,3.0026607120195794,0.05
2025-09-21,75.98,-2.0245003223726576,3.05,2.96,15.784000015258789,424.16,0.0424548327751406,50,0,2,2.3427430133753218,4.096451568708059,6.01367378261477,2.246083232311941,0.16666666666666666
2025-10-05,79.68,0.656897422940883,3.16,2.91,16.394000244140624,424.39,0.0542248208223128,36,0,2,2.249745857621296,4.786954234613372,12.941176470588257,2.034828572253973,0.4
2025-10-12,79.46,-0.2761044176706972,3.23,3.16,17.6,424.81,0.0989655741181483,29,0,2,2.21399284771063,4.870001319783546,13.692946058091282,1.741758290194852,0.5166666666666667
2025-10-19,78.32,-1.4346841177951153,2.8,3.23,21.313999938964844,425.2,0.0918057484522449,22,0,2,2.254911005345238,0.99290780141843,9.78413232408184,8.153434644602763,0.6333333333333333
2025-10-26,78.54,0.2808988764045006,3.25,2.8,17.67400016784668,425.25,0.0117591721542797,15,0,2,2.2390361791920856,3.3693077125559467,10.557432432432435,12.041965199165912,0.75
2025-11-02,79.47,1.184110007639405,3.42,3.25,16.69600009918213,424.78,-0.1105232216343399,8,0,2,2.1077101855936733,-0.2635542168674787,8.550744433820533,12.134698068194853,0.8666666666666667
2025-11-09,80.93,1.8371712595948164,3.54,3.42,18.552000045776367,426.8,0.4755402796742025,1,1,2,1.7612687234985862,1.8499874150516238,14.501980758347477,12.13999536827856,0.9833333333333333
2025-11-16,80.41,-0.6425305819844462,3.62,3.54,18.444000244140625,426.55,-0.058575445173381,365,0,2,1.7067027430441375,2.6685393258427004,10.864469874534667,6.320931146543547,0.0
2025-11-23,83.26,3.544335281681388,3.89,3.62,24.11599998474121,426.84,0.0679873402883446,365,0,2,1.9163670439235199,6.009676597911895,14.070420605562429,2.2535395920948535,0.0
2025-11-30,82.55,-0.8527504203699299,4.29,3.89,18.15500020980835,427.21,0.0866835348139805,365,0,2,1.6334808457734828,3.875676355857549,8.561283534981579,3.6789590044101788,0.0
2025-12-07,84.36,2.19261053906723,4.97,4.29,16.219999885559083,427.25,0.0093630767070029,365,0,2,1.697045663433109,4.238230569628065,11.33694074171836,5.668005813241068,0.0
2025-12-14,85.38,1.2091038406827792,4.6,4.97,15.990000152587893,427.22,-0.0070216500877684,365,0,2,1.6183414046007412,6.180823280686476,10.096711798839465,9.951789214954244,0.0
2025-12-21,86.34,1.1243851018974071,3.71,4.6,16.476000213623045,427.87,0.1521464350919821,365,0,2,1.4196856173643042,3.699255344703345,13.635167149249794,16.192969366437712,0.0
2025-12-28,86.65,0.3590456335418102,3.45,3.71,13.787500143051147,428.26,0.0911491808259556,365,0,2,1.423778563595799,4.966686856450653,8.74748995983936,14.714783730802417,0.0
2026-01-04,87.89,1.4310444316214532,4.25,3.45,14.49749994277954,428.7,0.1027413253630982,365,0,2,1.4013515765174989,4.18444760550023,10.609111502642854,18.151421709333736,0.0
2026-01-11,90.36,2.810331095687779,2.91,4.25,14.9939998626709,429.15,0.1049685094471675,365,0,2,1.303837765139872,5.832747716092768,15.372829417773248,23.482536644979433,0.0
2026-01-18,86.79,-3.9508632138114175,3.0,2.91,15.90999984741211,428.62,-0.1234999417453086,365,0,2,1.9759713305773243,0.521195274496189,10.504201680672276,22.75177851326117,0.0
2026-01-25,79.8,-8.053923263048745,12.02,3.0,17.180000066757202,428.39,-0.0536605851336857,365,0,2,3.2344221377337883,-7.905366416618587,0.41525103812758424,152.88754192748303,0.0
2026-02-01,77.32,-3.107769423558904,13.8,12.02,16.63400001525879,428.1,-0.0676953243539668,365,0,2,3.304987943822925,-12.026396632153835,-4.46064500185347,153.86748330823795,0.0
2026-02-08,69.45,-10.178479048111733,5.01,13.8,19.02400016784668,429.06,0.2242466713384683,365,0,2,4.364172189176974,-23.14077025232404,-13.630145504290503,161.70595801031251,0.0
2026-02-15,72.54,4.449244060475177,3.27,5.01,18.844000244140624,429.95,0.2074301962429414,365,0,2,4.458935581119244,-16.418942274455585,-12.875330290655773,167.4370589146503,0.0
2026-02-22,69.48,-4.218362282878418,3.08,3.27,19.80750036239624,430.17,0.0511687405512439,365,0,2,4.550492250210153,-12.932330827067663,-15.832828588734094,34.239666998110366,0.0
2026-03-01,69.7,0.3166378814047244,3.01,3.08,19.395999908447266,429.62,-0.127856428853712,365,0,2,4.449661678037036,-9.85514743921364,-17.377904220009476,28.671785516484256,0.0
2026-03-08,68.3,-2.0086083213773365,2.99,3.01,23.879999923706052,429.91,0.0675015129649514,365,0,2,4.3688267442301045,-1.6558675305975656,-20.004684937924566,16.051907524631627,0.0
2026-03-15,66.73,-2.298682284040987,3.19,2.99,25.828000259399413,429.46,-0.1046730711079191,365,0,2,4.274661568942481,-8.0093741384064,-22.712531850822327,5.261503641997542,0.0
2026-03-22,70.63,5.844447774614103,3.11,3.19,24.362000274658204,430.93,0.3422903180738679,365,0,2,4.813566043279301,1.6551525618883067,-18.48817080207733,4.3301812734582095,0.0
2026-03-29,70.67,0.0566331587144253,2.95,3.11,27.38400001525879,431.73,0.185645000348078,365,0,2,4.751346407830139,1.3916786226685796,-19.592672659005572,5.075373250221082,0.0
2026-04-05,71.84,1.6555822838545398,2.9,2.95,26.06750059127808,431.88,0.0347439371829461,365,0,2,4.66267197267257,5.183016105417293,-20.495794599380257,5.118763231162482,0.0
2026-04-12,76.47,6.444877505567925,2.85,2.9,21.94200019836426,429.8,-0.4816152634991133,365,0,2,5.163755141000096,14.596133673010625,-11.890770826132046,1.6286518500249276,0.0
2026-04-19,73.92,-3.33464103570027,2.77,2.85,18.21400032043457,431.15,0.3140995812005442,365,0,2,4.733206063983206,4.658077304261665,-7.368421052631568,1.6195722681800802,0.0
2026-04-26,72.92,-1.35281385281385,2.7,2.77,19.06199989318848,432.44,0.2991998144497243,365,0,2,4.673101949609548,3.1838120843356466,-5.690636316606302,0.5646401163455665,0.0
