date,gas_price_weekly,gas_price_lag1,gas_price_volatility,vix,co2_change,days_to_next_cop,cop_urgency,is_cop_week,recent_volatility,momentum_4w,momentum_12w,regime
2015-04-05,-0.37439623825041385,-0.2759858038282803,-0.29326965872470123,-0.4947508552281869,2.1056438488796445,0.14937006152784463,-0.3621950478494146,-0.14110813025753954,-0.14709023633191498,0.40134692197521743,-0.5344807270132205,-1.2760694125935004
2015-04-12,-0.35458335091972126,-0.3750741648600851,-0.4444791377204099,-0.6378898876976978,1.241078737705474,0.10276232718725725,-0.3621950478494146,-0.14110813025753954,-0.22149488514800972,-0.46184522314261167,-0.3724461081484686,-1.2760694125935004
2015-04-19,-0.3942091255811067,-0.3552564926537243,-0.47595734091899317,-0.6980595000109349,-1.5607868918396313,0.056154592846669855,-0.3621950478494146,-0.14110813025753954,-0.13407900150416394,0.42336254626478553,-0.26103913816571617,-1.2760694125935004
2015-04-26,-0.40081342135800413,-0.39489183706644626,-0.47632958963382516,-0.7765768681073374,1.0544143168358415,0.00954685850608246,-0.3621950478494146,-0.14110813025753954,-0.13778180031129464,0.1647790318818773,-0.0218976884087334,-1.2760694125935004
2015-05-03,-0.42062630868869705,-0.4014977278018998,-0.600291323141196,-0.7188355799879772,0.46113230915240644,-0.03706087583450493,-0.3621950478494146,-0.14110813025753954,-0.49081662891427763,0.49136181337556334,-0.46702853181618836,-1.2760694125935004
2015-05-10,-0.30174898470454065,-0.4213154000082609,-0.35091514647880845,-0.6074003050895392,-0.3322076416244791,-0.08366861017509232,-0.3621950478494146,-0.14110813025753954,-0.56886731914775,0.6983910648518675,-0.21801965136447,-1.2760694125935004
2015-05-17,-0.21589313960487233,-0.302409366770095,-0.3732392505826362,-0.7075031774063092,-0.06790928124488141,-0.1302763445156797,-0.3621950478494146,-0.14110813025753954,-0.541519630561547,-0.20000842590829596,-0.26143549638719854,-1.2760694125935004
2015-05-24,-0.14324588605899885,-0.2165327872091975,-0.4193074808270357,-0.8124628010386368,-0.3323188122531887,-0.1768840788562671,-0.3621950478494146,-0.14110813025753954,-0.6429046694688496,-0.40286018017257974,-0.02084372442875702,-1.2760694125935004
2015-05-31,-0.26872750582005295,-0.14386798911920706,-0.19669657318631717,-0.6667604545615252,-1.0326321813812105,-0.2234918131968545,-0.3621950478494146,-0.14110813025753954,-0.8142641607860809,-0.36818459935620007,0.3230480807006087,-1.2760694125935004
2015-06-07,-0.36779194247351643,-0.26937991309282683,-0.20104931351962316,-0.5941791773215765,-0.005573427837907356,-0.2700995475374419,-0.3621950478494146,-0.14110813025753954,-1.1503632787888918,-0.20095140644493484,0.0015476205571805354,-1.2760694125935004
2015-06-14,-0.2819360973738481,-0.3684682741246316,-0.19600290353311242,-0.626017808912594,-1.392414822162459,-0.31670728187802927,-0.3621950478494146,-0.14110813025753954,-1.2189991619187073,-0.09646116244331966,0.07719924795462349,-1.2760694125935004
2015-06-21,-0.2026845480510772,-0.2825916945637341,-0.18422460525020398,-0.5655783456316633,0.43178096495505025,-0.36331501621861667,-0.3621950478494146,-0.14110813025753954,-1.3932158334435802,0.006520268980860963,-0.14398651732826048,-1.2760694125935004
2015-06-28,-0.26872750582005295,-0.20332100573829018,-0.25542215782638095,-0.7196450299632533,-0.9260697293825522,-0.4099227505592041,-0.3621950478494146,-0.14110813025753954,-1.4567064840478363,-0.20038282288858023,-0.05723676654768145,-1.2760694125935004
2015-07-05,-0.27533180159695037,-0.26937991309282683,-0.37142415219781644,-0.1446605887573089,-0.7397519024249744,-0.4565304848997915,-0.3621950478494146,-0.14110813025753954,-1.4752173677518754,-0.24518287364108993,0.14441967669095995,-1.2760694125935004
2015-07-12,-0.30174898470454065,-0.2759858038282803,-0.4326791041125254,-0.08772881494310195,-0.584061082208869,-0.5031382192403788,-0.3621950478494146,-0.14110813025753954,-1.7515063225296839,0.12848660881059026,-0.10069481523689726,-1.2760694125935004
2015-07-19,-0.2092888438279746,-0.302409366770095,-0.4004169937794719,-0.7622764908603071,-0.28706271940188227,-0.5497459535809662,-0.3621950478494146,-0.14110813025753954,-1.720879199452,0.29097603956608836,-0.06878950402690001,-1.2760694125935004
2015-07-26,-0.21589313960487233,-0.2099268964737437,-0.46361569222943905,-0.8051776740652999,-1.712133295906101,-0.5963536879215536,-0.3621950478494146,-0.14110813025753954,-1.679800209151286,0.26392594541548536,-0.19006890889057984,-1.2760694125935004
2015-08-02,-0.22249743538176978,-0.2165327872091975,-0.4637256303935641,-0.7290887073586274,-2.956772378012436,-0.642961422262141,-0.3621950478494146,-0.14110813025753954,-1.6632187069291815,-0.034865157088325424,-0.2901816505609955,-1.2760694125935004
2015-08-09,-0.26872750582005295,-0.22313867794465103,-0.43885666986623073,-0.7441985345809339,1.2412355314895258,-0.6895691566027284,-0.3621950478494146,-0.14110813025753954,-1.4974013843539935,0.4082896730170761,0.2805870862715882,-1.2760694125935004
2015-08-16,-0.21589313960487233,-0.26937991309282683,-0.5317963246515641,-0.7269301826685415,-0.14660952534425933,-0.7361768909433158,-0.3621950478494146,-0.14110813025753954,-1.4542815909064573,-0.012470570082347487,0.1834571141989066,-1.2760694125935004
2015-08-23,-0.30174898470454065,-0.2165327872091975,-0.44577972413696426,-0.09663281613504057,-0.5086858321850845,-0.7827846252839032,-0.3621950478494146,-0.14110813025753954,-1.4254058565686127,0.033840245936391906,0.06270143656770412,-1.2760694125935004
2015-08-30,-0.3413747593659261,-0.302409366770095,-0.4471002805864034,1.7921006301156235,-0.6350196428603051,-0.8293923596244906,-0.3621950478494146,-0.14110813025753954,-1.4552142558927716,0.11262913497346902,-0.1006588516134888,-1.2760694125935004
2015-09-06,-0.3413747593659261,-0.342044711182817,-0.44605393549228156,1.2551606593970388,-1.2031541829155126,-0.8760000939650779,-0.3621950478494146,-0.14110813025753954,-1.5280449077128655,-0.2838477882523246,0.1561832517198192,-1.2760694125935004
2015-09-13,-0.3347704635890284,-0.342044711182817,-0.5254566590470753,0.8246643768393163,-0.9050875774337181,-0.9226078283056653,-0.3621950478494146,-0.14110813025753954,-1.4784584146700415,-0.3155603936741468,-0.024194545018285097,-1.2760694125935004
2015-09-20,-0.3347704635890284,-0.3354388204473632,-0.6232430835367462,0.5058731686838235,0.0744426541266983,-0.9692155626462527,-0.3621950478494146,-0.14110813025753954,-1.4775377571712762,-0.33736522163548666,-0.02581922985875387,-1.2760694125935004
2015-09-27,-0.3942091255811067,-0.3354388204473632,-0.572002853463379,0.5123487684860321,-0.2418555890259101,-1.0158232969868402,-0.3621950478494146,-0.14110813025753954,-1.48688588385427,-0.16061323435832406,-0.04736445758811665,-1.2760694125935004
2015-10-04,-0.47346067490387733,-0.39489183706644626,-0.5075267623231718,0.7997060571721701,1.7511236549605478,-1.0624310313274277,-0.13594583774293745,-0.14110813025753954,-1.4701081409037589,-0.13130536838544524,-0.008167213616755929,-1.2760694125935004
2015-10-11,-0.5461079284497509,-0.47416252589188995,-0.5365749487404264,-0.02621005071920307,-0.36757799523195817,-1.109038765668015,0.39196898583884227,-0.14110813025753954,-1.5326261511946533,0.0781583490663423,-0.15207042862824055,-1.2760694125935004
2015-10-18,-0.4800649706807751,-0.5468273239818804,-0.3515005406297535,-0.2655395539170963,0.46859575704763384,-1.1556465000086023,0.9198838094206225,-0.14110813025753954,-1.5331940459070619,0.4509059030599541,0.08683917122213008,-1.2760694125935004
2015-10-25,-0.5461079284497509,-0.4807684166273437,-0.3438184525985017,-0.4444295938340597,-0.11520759302932988,-1.2022542343491898,1.4477986330024026,-0.14110813025753954,-1.5617944344133712,0.2937527281700309,0.1566943348764485,-1.2760694125935004
2015-11-01,-0.7178196186490875,-0.5468273239818804,-0.1720535807096045,-0.4878704789744385,0.8465935562118725,-1.248861968689777,1.9757134565841827,-0.14110813025753954,-1.861351910710282,-0.15247469164673227,-0.34173385173921705,-1.2760694125935004
2015-11-08,-0.7838625764180632,-0.7185804831036753,-0.17099090866650876,-0.51889966059018,1.44355171292117,-1.2954697030303646,2.5036282801659624,-0.14110813025753954,-1.8902259301971924,-0.21306764277429274,-0.27387135672256685,-1.2760694125935004
2015-11-15,-0.7244239144259852,-0.784639390458212,-0.16110360846346586,-0.17515015849949195,0.45040916562783057,-1.3420774373709519,3.0315431037477425,-0.14110813025753954,-1.9000801409078876,-0.330339402560104,-0.1431512285306802,-1.2760694125935004
2015-11-22,-0.7376325059797804,-0.7251863738391291,-0.14770857383648878,-0.17541998373523413,-0.020828242943684232,-1.3886851717115394,3.5594579273295226,-0.14110813025753954,-1.9049738200169084,-0.2717866465142951,-0.08695978605139308,-1.2760694125935004
2015-11-29,-0.6980067313183949,-0.7383981553100365,-0.3596948672051953,-0.4178524321132507,0.5911758914601282,-1.4352929060521267,4.087372750911301,7.08676387515643,-1.9247431515157825,-0.10303960801470607,-0.23248787773576823,-1.2760694125935004
2015-12-06,-0.71121532287219,-0.6987628108973145,-0.48257379102384523,-0.3556591240989583,0.7472462585409041,0.8018783422960681,-0.3621950478494146,-0.14110813025753954,-1.6590039877412133,-0.543628843933514,-0.4140603581375442,-1.2760694125935004
2015-12-13,-0.8234883510794487,-0.7119745923682218,-0.32179529178585914,0.10708057936729647,1.544634650840941,0.7552706079554807,-0.3621950478494146,-0.14110813025753954,-1.6770350283582607,-0.6674891771601706,-0.3518111311590703,-1.2760694125935004
2015-12-20,-0.9819914497249903,-0.824274734870934,-0.11704889052535515,0.22580100697102234,0.3380991294545998,0.7086628736148933,-0.3621950478494146,-0.14110813025753954,-1.6851952531100352,-0.6050946132126884,-0.36498590996991426,-1.2760694125935004
2015-12-27,-1.0084086328325808,-0.9828161125218217,-0.2587921305484234,-0.25764733302931436,-0.8950076024169713,0.6620551392743059,-0.3621950478494146,-0.14110813025753954,-1.741901953029909,-0.5190104727010914,-0.4675222629298187,-1.2760694125935004
2016-01-03,-0.618755181995624,-1.0092396754636364,1.2183770568479946,-0.1942398822170463,-0.005404525381333192,0.6154474049337185,-0.3621950478494146,-0.14110813025753954,-1.1055827943072374,-0.9104092983682415,-0.9783098815270631,-1.2760694125935004
2016-01-10,-0.5461079284497509,-0.6194921220718705,1.103443788535765,0.5347437998775284,0.44770368556620505,0.5688396705931311,-0.3621950478494146,-0.14110813025753954,-0.8157121185538314,-1.6724151307902304,-1.5285462894202004,-1.2760694125935004
2016-01-17,-0.5857337031111363,-0.5468273239818804,0.8766311884183884,0.8134668354116171,0.13504450706633273,0.5222319362525438,-0.3621950478494146,-0.14110813025753954,-0.7989860530934534,-2.1419500964227876,-1.7350241755319322,-1.2760694125935004
2016-01-24,-0.6649852524339068,-0.5864626683946024,0.9335229888412439,0.9585620622423335,0.7904642262423759,0.47562420191195637,-0.3621950478494146,-0.14110813025753954,-0.7814889379844429,-2.451884803442968,-1.8011796038984038,-1.2760694125935004
2016-01-31,-0.6517766608801118,-0.665733357220046,-0.3387105758939556,0.5279983233756753,2.1452329799348964,0.429016467571369,-0.3621950478494146,-0.14110813025753954,-0.6842335422080945,-2.343934712920715,-2.093754202224831,-1.2760694125935004
2016-02-07,-0.7244239144259852,-0.6525215757491387,-0.4739852812742039,0.43221247470712704,-1.263783163601843,0.3824087332307816,-0.3621950478494146,-0.14110813025753954,-0.6868199752672455,-2.2642389731647583,-2.42693747506375,-1.2760694125935004
2016-02-14,-0.6914024355414972,-0.7251863738391291,-0.3765743226957929,1.0673666182881365,-0.27019489653160833,0.3358009988901942,-0.3621950478494146,-0.14110813025753954,-0.6273595483521061,-1.7788934128586307,-2.392998734404086,-1.2760694125935004
2016-02-21,-0.8366969426332438,-0.6921569201618607,-0.21120222421756082,0.4836805190851096,1.0839333434730956,0.2891932645496068,-0.3621950478494146,-0.14110813025753954,-0.6799429562245557,-1.6979641321579062,-2.4713307602593226,-1.2760694125935004
2016-02-28,-0.9159484919560146,-0.8374865163418412,-0.2580140012811866,0.19396224672025142,-0.6117032835726514,0.24258553020901943,-0.3621950478494146,-0.14110813025753954,-0.6468379001600154,-1.163612090742228,-2.3460159937176877,-1.2760694125935004
2016-03-06,-1.0810558863784538,-0.9167572051672851,-0.1065927703042142,-0.10553681732697871,-0.16121182375224116,0.19597779586843203,-0.3621950478494146,-0.14110813025753954,-0.5923486309419551,-0.33958683280557506,-2.3051686404936023,-1.2760694125935004
2016-03-13,-1.0348258159401709,-1.0819044735536265,-0.02149107904736896,-0.10526704355513834,1.160756561890361,0.14937006152784463,-0.3621950478494146,-0.14110813025753954,-0.6951194041907506,-0.5821005363600167,-2.384428857234021,-1.2760694125935004
2016-03-20,-0.9357613792867073,-1.035663238405451,0.19911138146621074,-0.42095533869544705,1.298061260160922,0.10276232718725725,-0.3621950478494146,-0.14110813025753954,-0.7673382530224908,-0.4593522618696393,-2.4499086109822255,-1.2760694125935004
2016-03-27,-0.9357613792867073,-0.9365748773736461,0.15725819100281457,-0.5601819953085221,-0.39317272646138346,0.056154592846669855,-0.3621950478494146,-0.14110813025753954,-0.4771904859718508,0.18685323432919854,-1.9142059533593585,-1.2760694125935004
2016-04-03,-0.8895313088484244,-0.9365748773736461,-0.3917564027591749,-0.6243989089620419,1.6987206760575961,0.00954685850608246,-0.3621950478494146,-0.14110813025753954,-0.5194417344668748,0.5025472569944894,-1.3426912167463256,-1.2760694125935004
2016-04-10,-0.8234883510794487,-0.8903336422254704,-0.38866754907344264,-0.4765380763927704,3.2236488147836755,-0.03706087583450493,-0.3621950478494146,-0.14110813025753954,-0.5592374206140308,0.6974191106969726,-1.0716638232408575,-1.2760694125935004
2016-04-17,-0.8631141257408341,-0.824274734870934,-0.38484665301787346,-0.5537062925785103,-2.020258499272705,-0.08366861017509232,-0.3621950478494146,-0.14110813025753954,-0.24840991801911375,1.7216227527740093,-0.4677202640018778,-1.2760694125935004
2016-04-24,-0.8565098299639365,-0.8639100792836559,-0.3904839507201388,-0.6953613248493647,0.3330295023068655,-0.1302763445156797,-0.3621950478494146,-0.14110813025753954,-0.5295595975525966,1.4218657486057573,0.1646889413487311,-1.2760694125935004
2016-05-01,-0.849905534187039,-0.8573041885482022,-0.41717694319441323,-0.5418342652573083,-0.3298944640158656,-0.1768840788562671,-0.3621950478494146,-0.14110813025753954,-0.8097517438499677,0.46040547115327757,0.38732834974090585,-1.2760694125935004
2016-05-08,-0.8234883510794487,-0.8506982978127485,-0.5322911543186715,-0.42770081519729947,0.42544491273205065,-0.2234918131968545,-0.3621950478494146,-0.14110813025753954,-0.8029227930261927,0.345362034613633,0.2656154992004878,-1.2760694125935004
2016-05-15,-0.7970711679718584,-0.824274734870934,-0.6482162376958257,-0.5523572435956512,-0.9306020508635727,-0.2700995475374419,-0.3621950478494146,-0.14110813025753954,-0.9129212617389041,-0.23719685079557806,0.5684550498912925,-1.2760694125935004
2016-05-22,-0.8697184215177317,-0.7978511719291193,-0.40510864035530103,-0.40692476095220803,1.5055834089164124,-0.31670728187802927,-0.3621950478494146,-0.14110813025753954,-0.9558925460943672,-0.42740655292047025,0.7118994546510721,-1.2760694125935004
2016-05-29,-0.9027399004022194,-0.8705159700191095,-0.39342708202182913,-0.5968773782150977,-1.4066549346093953,-0.36331501621861667,-0.3621950478494146,-0.14110813025753954,-0.9038357264035861,-0.10817023330008119,0.5484508982071054,-1.2760694125935004
2016-06-05,-0.6980067313183949,-0.9035454236963777,0.16358676616111076,-0.6326958548374618,-0.9931526279028983,-0.4099227505592041,-0.3621950478494146,-0.14110813025753954,-0.928849794011473,-0.0791927428184331,0.6187088873372684,-1.2760694125935004
2016-06-12,-0.5593165200035459,-0.6987628108973145,0.21447513963482956,-0.5224072857270267,0.4726115899270265,-0.4565304848997915,-0.3621950478494146,-0.14110813025753954,-0.7863254692089582,-0.6327012183578459,0.44214784421592995,-1.2760694125935004
2016-06-19,-0.4074177171349019,-0.5600391054527877,-0.001020320360043822,0.20448522505859432,-0.9011393017374885,-0.5031382192403788,-0.3621950478494146,-0.14110813025753954,-0.19820281871334272,-1.7168240989392602,-0.6044627974053705,-1.2760694125935004
2016-06-26,-0.30174898470454065,-0.4081036185373536,-0.3267258058917861,0.22175367989878988,-1.1185545416829832,-0.5497459535809662,-0.3621950478494146,-0.14110813025753954,-0.1698219925808051,-2.0937931649920984,-1.1383132227788486,-1.2760694125935004
2016-07-03,-0.2092888438279746,-0.302409366770095,-0.5107017055582264,-0.08557023878911414,-0.717923655724002,-0.5963536879215536,-0.3621950478494146,-0.14110813025753954,-0.19101666023193883,-2.2179766347424374,-1.2577192031721816,-1.2760694125935004
2016-07-10,-0.2555189142662578,-0.2099268964737437,-0.2690517501736288,-0.5311764257649956,-1.7256124304742746,-0.642961422262141,-0.3621950478494146,-0.14110813025753954,-0.21821106700333998,-1.321847745153424,-1.2709199846671249,-1.2760694125935004
2016-07-17,-0.2621232100431552,-0.2561681316219195,-0.3542933642084266,-0.733675633438443,-1.7610625366423602,-0.6895691566027284,-0.3621950478494146,-0.14110813025753954,-0.21040834429620855,-0.9022044592839581,-1.7095704083099883,-1.2760694125935004
2016-07-24,-0.27533180159695037,-0.262774022357373,-0.4359621904113789,-0.859950936055396,0.6329867973839467,-0.7361768909433158,-0.3621950478494146,-0.14110813025753954,-0.2405043690185019,-0.5876933857855203,-1.627846926942563,-1.2760694125935004
2016-07-31,-0.23570602693556492,-0.2759858038282803,-0.5586413456690151,-0.7951943719303917,-0.6280016451173065,-0.7827846252839032,-0.3621950478494146,-0.14110813025753954,0.040269447682602294,0.12938791070805725,-1.3570130570804892,-1.2760694125935004
2016-08-07,-0.21589313960487233,-0.23635045941555835,-0.6094822921541764,-0.8183988275652135,-1.0022290340978692,-0.8293923596244906,-0.3621950478494146,-0.14110813025753954,0.09074300133650018,-0.2743399239451943,-1.2891237514177143,-1.2760694125935004
2016-08-14,-0.28854039315074553,-0.2165327872091975,-0.4940410529968879,-0.9274057010739214,-1.674212346668728,-0.8760000939650779,-0.3621950478494146,-0.14110813025753954,0.06795829337921366,0.1647790318818773,-1.4442882585188264,-1.2760694125935004
2016-08-21,-0.3149575762583358,-0.28919758529918765,-0.4886093031391115,-0.9012332450417875,0.02590148802052301,-0.9226078283056653,-0.3621950478494146,-0.14110813025753954,0.06800593253530185,0.3104887899865309,-1.4433115469283004,-1.2760694125935004
2016-08-28,-0.2555189142662578,-0.3156211482410023,-0.45169699955046727,-0.7401512847045532,-1.5530248298099212,-0.9692155626462527,-0.3621950478494146,-0.14110813025753954,0.41843130998963685,-1.3626168115493633,-1.961463951743693,-1.2760694125935004
2016-09-04,-0.17626736494348688,-0.2561681316219195,-0.38304998979364896,-0.7520233634896568,-0.03656964969043929,-1.0158232969868402,-0.3621950478494146,-0.14110813025753954,0.42734440822517294,-1.6151639321526128,-1.7922115639636604,-1.2760694125935004
2016-09-11,-0.22249743538176978,-0.17689744279647554,-0.4292291681440603,-0.6839614595257729,0.3864927218925585,-1.0624310313274277,-0.13594583774293745,-0.14110813025753954,0.2844958683602265,-0.929311720150003,-0.9954452813218616,-1.2760694125935004
2016-09-18,-0.12343299872830628,-0.22313867794465103,-0.4217968655978369,-0.2695868809893288,-0.6785602105561868,-1.109038765668015,0.39196898583884227,-0.14110813025753954,0.215139085246586,-0.4918797434487045,-0.477380225198585,-1.2760694125935004
2016-09-25,-0.06399433673622824,-0.12405031691284622,-0.4234056590359405,-0.6408578623630595,-0.28733045946546065,-1.1556465000086023,0.9198838094206225,-0.14110813025753954,0.4391729101852505,1.5895234934818159,0.07106705321394083,-1.2760694125935004
2016-10-02,-0.13003729450520402,-0.06459730029376341,-0.35987309165935055,-0.6883459973798189,0.22998058418811645,-1.2022542343491898,1.4477986330024026,-0.14110813025753954,0.8051110489752905,3.093173953955954,0.37780572621821756,-1.2760694125935004
2016-10-09,-0.19608025227417947,-0.13065620764830005,-0.337338074874912,-0.7096617535602964,0.9507049194322779,-1.248861968689777,1.9757134565841827,-0.14110813025753954,0.5553079480434276,2.571800117026436,0.9776168908778559,-1.2760694125935004
2016-10-16,-0.024368562074842795,-0.19671511500283637,-0.20271021308674295,-0.414209836461644,0.05725580008718925,-1.2954697030303646,2.5036282801659624,-0.14110813025753954,0.4672937495241511,2.2758799042612723,1.2698931441507613,-1.2760694125935004
2016-10-23,-0.044181449405535374,-0.024961955881041428,-0.20599605081158417,-0.534819014983615,0.6985742243604243,-1.3420774373709519,3.0315431037477425,-0.14110813025753954,0.42063973068074145,1.3357035748335098,0.8224060602549551,-1.2760694125935004
2016-10-30,-0.32156187203523323,-0.04477962808740227,0.0936273397052789,-0.554245943049995,0.947616291807473,-1.3886851717115394,3.5594579273295226,-0.14110813025753954,0.5509326902095364,0.8403227825500516,1.1465504885929065,-1.2760694125935004
2016-11-06,-0.4668563791269799,-0.3222270389764558,0.1380315197975716,0.1812807694237732,-0.06790928124488141,-1.4352929060521267,4.087372750911301,7.08676387515643,1.0018988535077584,-0.42560140155861587,0.5505101491157719,-1.2760694125935004
2016-11-13,-0.6517766608801118,-0.4675566351564364,-0.2414197901980923,-0.32570924342618607,1.164354144259823,0.9417015453178303,-0.3621950478494146,-0.14110813025753954,1.0038824371833786,-0.6654101458737722,0.5434818498676434,-1.2760694125935004
2016-11-20,-0.5064821537883654,-0.6525215757491387,0.22483420156840897,-0.6756645200833408,0.5548008697934816,0.8950938109772429,-0.3621950478494146,-0.14110813025753954,0.8164325714493668,-1.480832381078733,0.7214279745350759,-1.2760694125935004
2016-11-27,-0.29514468892764323,-0.5071919795691584,0.37972131619249455,-0.8313501172314584,0.8030221733752161,0.8484860766366555,-0.3621950478494146,-0.14110813025753954,1.4054095825773776,-2.989455755887159,-0.13316115256144306,-1.2760694125935004
2016-12-04,0.002048621032747507,-0.29580347603464147,0.38706981430305715,-0.6810609476023343,-1.0929440375508783,0.8018783422960681,-0.3621950478494146,-0.14110813025753954,1.337483121239553,-2.0165348116691737,-0.2875024129990585,-1.2760694125935004
2016-12-11,0.3190548183238308,0.001461607060773223,-0.47954351385337596,-0.87074368816558,1.3943731556783427,0.7552706079554807,-0.3621950478494146,-0.14110813025753954,1.5303959245722634,-1.2020526449503544,0.026139854012495127,-1.2760694125935004
2016-12-18,0.23980326900105992,0.31854436236254874,0.08966049618394503,-0.7897979958753,-0.7042330972213776,0.7086628736148933,-0.3621950478494146,-0.14110813025753954,2.609102030868909,1.82747102936397,0.863596949135003,-1.2760694125935004
2016-12-25,0.20017749433967447,0.2392736735371048,0.2121456441376609,-0.9581650831858713,0.4603085826882097,0.6620551392743059,-0.3621950478494146,-0.14110813025753954,2.3318491214641317,4.154782794511155,0.34234485383356145,-1.2760694125935004
2017-01-01,0.3190548183238308,0.1996383291243828,0.015178370343457257,-0.7385998474959243,1.7637782658436023,0.6154474049337185,-0.3621950478494146,-0.14110813025753954,3.3041540919624954,0.8509529988598384,-1.0704565202346001,-1.2760694125935004
2017-01-08,0.17376031123208446,0.31854436236254874,-0.3042287746210057,-0.89576941267776,0.024956774261003453,0.5688396705931311,-0.3621950478494146,-0.14110813025753954,3.299118544167267,-0.05263043406480656,-1.1290279777004035,-1.2760694125935004
2017-01-15,0.04167439569413296,0.17321476618256845,-0.26253242532468857,-0.9641011097124479,0.2570739025096603,0.5222319362525438,-0.3621950478494146,-0.14110813025753954,3.3987672545365086,-1.3039919589779478,-0.7914190166398696,-1.2760694125935004
2017-01-22,0.05488298724792811,0.0410969514734952,-0.24632567204826653,-0.8627166254227914,0.3961125167320155,0.47562420191195637,-0.3621950478494146,-0.14110813025753954,3.374103663882796,-2.3176622449577002,-1.5673548331636735,-1.2760694125935004
2017-01-29,0.04167439569413296,0.05430873294440253,-0.4208145725528625,-1.0240009225218938,-0.5006768363121805,0.429016467571369,-0.3621950478494146,-0.14110813025753954,3.4146026676441443,0.545457147986336,-0.559874362962018,-1.2760694125935004
2017-02-05,-0.05739004095933053,0.0410969514734952,-0.4526735122862344,-0.9236282249693818,-0.3308420274799698,0.3824087332307816,-0.3621950478494146,-0.14110813025753954,3.4099055241986043,0.47862641862295974,-0.5177918964005828,-1.2760694125935004
2017-02-12,-0.11022440717451112,-0.0579914095583096,-0.5233951918970836,-0.997558666985968,-0.2535865311989238,0.3358009988901942,-0.3621950478494146,-0.14110813025753954,3.2250481281126295,-0.3936563990871143,-0.09292221309129939,-1.2760694125935004
2017-02-19,-0.22249743538176978,-0.1108385354419389,-0.5293482269690678,-0.9654502101592082,1.526291338273158,0.2891932645496068,-0.3621950478494146,-0.14110813025753954,2.842482885740274,1.1804171326709532,1.254737016507867,-1.2760694125935004
2017-02-26,-0.387604829804209,-0.22313867794465103,-0.4980350646202478,-0.9362422974208262,0.5959471958515852,0.24258553020901943,-0.3621950478494146,-0.14110813025753954,2.8423686933198873,0.46575328632755647,1.2511527915617202,-1.2760694125935004
2017-03-05,-0.45364778757318475,-0.38828594633099245,-0.4886525777937833,-0.876679714692156,-2.011110987443542,0.19597779586843203,-0.3621950478494146,-0.14110813025753954,2.8856914524317556,-0.13057553271144473,0.1842576660744068,-1.2760694125935004
2017-03-12,-0.30174898470454065,-0.45434485368552907,-0.02396378374864598,-0.9255170016195778,2.1443089879356982,0.14937006152784463,-0.3621950478494146,-0.14110813025753954,1.6169889972042715,0.04595722866261344,-0.9943451796741407,-1.2760694125935004
2017-03-19,-0.16305877338969174,-0.302409366770095,0.053257163886847966,-0.9454835801574425,-1.2240947468004444,0.10276232718725725,-0.3621950478494146,-0.14110813025753954,1.6011706438436322,-1.1324257012658834,-1.490871427615703,-1.2760694125935004
2017-03-26,-0.14324588605899885,-0.1636856613255682,-0.18852575558285617,-0.8124627753066861,2.3722762648136952,0.056154592846669855,-0.3621950478494146,-0.14110813025753954,0.28917132298291315,-1.4964241514264975,-0.39184365516282677,-1.2760694125935004
2017-04-02,-0.11682870295140885,-0.14386798911920706,-0.35056178095762136,-0.9025823712204989,-1.237130648319804,0.00954685850608246,-0.3621950478494146,-0.14110813025753954,0.3340044345315541,-0.6196535348895007,-0.1838879709548469,-1.2760694125935004
2017-04-09,-0.017764266297945072,-0.11744442617739272,-0.4449334281909084,-0.8227159026773359,1.7662567945843068,-0.03706087583450493,-0.3621950478494146,-0.14110813025753954,0.15722990399407344,-0.4684674577200608,-0.49364729884643754,-1.2760694125935004
2017-04-16,-0.1036201113976137,-0.01835606514558762,-0.3944574985539894,-0.4519170640022528,1.176924513520198,-0.08366861017509232,-0.3621950478494146,-0.14110813025753954,0.027326321297679836,-0.5026801764763509,-0.37131229190768883,-1.2760694125935004
2017-04-23,-0.07059863251312568,-0.10423264470648538,-0.3922266082697053,-0.540215365306756,0.4229049523835346,-0.1302763445156797,-0.3621950478494146,-0.14110813025753954,-0.5426918070361985,-0.3898415614671755,-0.900756975853601,-1.2760694125935004
2017-04-30,-0.0772029282900234,-0.07120319102921692,-0.3889960495523778,-1.0571886802916226,-1.2480096174161623,-0.1768840788562671,-0.3621950478494146,-0.14110813025753954,-0.540263767779499,-0.7193303172939676,-0.8678613934660727,-1.2760694125935004
2017-05-07,-0.044181449405535374,-0.07780908176467073,-0.4861314047597438,-1.0901066128256094,0.13170317353787828,-0.2234918131968545,-0.3621950478494146,-0.14110813025753954,-0.5453954639462049,-0.9971455755097397,-0.8520092463951734,-1.2760694125935004
2017-05-14,-0.05739004095933053,-0.04477962808740227,-0.6180410548371146,-1.1297699961294978,1.5898831491541916,-0.2700995475374419,-0.3621950478494146,-0.14110813025753954,-0.5328022550633885,0.2532418131181335,-0.8450843909758814,-1.2760694125935004
2017-05-21,0.002048621032747507,-0.0579914095583096,-0.5785587382141885,-0.7946547471908582,-0.6802914826277237,-0.31670728187802927,-0.3621950478494146,-0.14110813025753954,-0.3735450550985482,0.8656764524460718,-0.7036271412986003,-1.2760694125935004
2017-05-28,-0.017764266297945072,0.001461607060773223,-0.563512278116367,-1.115469567418566,-0.726862089093215,-0.36331501621861667,-0.3621950478494146,-0.14110813025753954,-0.5889660868957214,0.7976281591874114,-0.37462634071539286,-1.2760694125935004
2017-06-04,-0.11682870295140885,-0.01835606514558762,-0.4492195235878566,-1.1406302174145928,0.11617749808587412,-0.4099227505592041,-0.3621950478494146,-0.14110813025753954,-0.5681503275593144,0.8034749587117075,-0.4562831728796893,-1.2760694125935004
2017-06-11,-0.14985018183589657,-0.11744442617739272,-0.4476064611082181,-1.1073750419338542,-0.46664720050871294,-0.4565304848997915,-0.3621950478494146,-0.14110813025753954,-0.7457262407518963,-0.15869804645536098,-0.2555320082782003,-1.2760694125935004
2017-06-18,-0.11682870295140885,-0.15047387985466087,-0.4919409653376012,-1.0526017542118071,-1.7866397679909833,-0.5031382192403788,-0.3621950478494146,-0.14110813025753954,-0.7590193206721075,-0.7201048762080184,-0.19420323306833706,-1.2760694125935004
2017-06-25,-0.2092888438279746,-0.11744442617739272,-0.45645572233666887,-1.0882178876393152,-0.9296306213415608,-0.5497459535809662,-0.3621950478494146,-0.14110813025753954,-0.7894448300932311,-0.4051315657021116,-0.24045568949813262,-1.2760694125935004
2017-07-02,-0.13003729450520402,-0.2099268964737437,-0.38406425964319985,-1.0577283307631071,0.44058786008961154,-0.5963536879215536,-0.3621950478494146,-0.14110813025753954,-0.6539728354797113,0.2730787694555306,-0.008506798684206512,-1.2760694125935004
2017-07-09,-0.16966306916658916,-0.13065620764830005,-0.3796267636621866,-0.9520941762063619,-1.6383573470669677,-0.642961422262141,-0.3621950478494146,-0.14110813025753954,-0.996533054678024,0.6716223842179556,0.4855633525278693,-1.2760694125935004
2017-07-16,-0.16305877338969174,-0.17029155206102173,-0.3940658232666018,-1.1089939418844061,-0.45378705571297695,-0.6895691566027284,-0.3621950478494146,-0.14110813025753954,-0.8677070300182729,0.33716804147048146,0.2637359376979572,-1.2760694125935004
2017-07-23,-0.0772029282900234,-0.1636856613255682,-0.4501950257960408,-1.1972247868799741,-0.19146601542231043,-0.7361768909433158,-0.3621950478494146,-0.14110813025753954,-0.8741596052451738,0.19555142427615355,0.3544835164920131,-1.2760694125935004
2017-07-30,-0.16305877338969174,-0.07780908176467073,-0.39816679642381003,-1.185892358566355,-0.48499523957738233,-0.7827846252839032,-0.3621950478494146,-0.14110813025753954,-0.9345192236359032,-0.047403607968905505,0.6604617226996186,-1.2760694125935004
2017-08-06,-0.26872750582005295,-0.1636856613255682,-0.3255468921350938,-1.1254529210173752,-1.5054925366402911,-0.8293923596244906,-0.3621950478494146,-0.14110813025753954,-1.1853499751058427,0.022380378342835124,0.3330038852406323,-1.2760694125935004
2017-08-13,-0.23570602693556492,-0.26937991309282683,-0.30576826895457265,-0.7895281449076071,-0.5946820417128059,-0.8760000939650779,-0.3621950478494146,-0.14110813025753954,-1.1770842468334803,0.9924771560450232,0.33916014994136406,-1.2760694125935004
2017-08-20,-0.16966306916658916,-0.23635045941555835,-0.33432973705575636,-0.7255810564898301,-1.0758194771491816,-0.9226078283056653,-0.3621950478494146,-0.14110813025753954,-1.1518935925447746,1.2538746245332608,0.6322227969567702,-1.2760694125935004
2017-08-27,-0.15645447761279402,-0.17029155206102173,-0.3801161095244896,-0.8772193908955915,-0.6115017490064873,-0.9692155626462527,-0.3621950478494146,-0.14110813025753954,-1.0578829300652455,0.5943542046664487,0.5264537129602875,-1.2760694125935004
2017-09-03,-0.1828716607203843,-0.1570797705901144,-0.545315181169468,-1.021302747360323,-0.8451420636078,-1.0158232969868402,-0.3621950478494146,-0.14110813025753954,-0.13617572746279305,1.9796122446794415,1.7762722615606765,-1.2760694125935004
2017-09-10,-0.19608025227417947,-0.18350333353192905,-0.5348706962342021,-0.9011658208977903,-0.09903707988902634,-1.0624310313274277,-0.13594583774293745,-0.14110813025753954,-0.0946161191906939,1.1273067468859588,1.6760563512851794,-1.2760694125935004
2017-09-17,-0.16305877338969174,-0.19671511500283637,-0.6046602207586649,-1.0898368133218181,-1.0329188249744963,-1.109038765668015,0.39196898583884227,-0.14110813025753954,0.06944299085944526,0.34219283322979055,1.1789507565483723,-1.2760694125935004
2017-09-24,-0.0772029282900234,-0.1636856613255682,-0.4942070479935838,-1.1721316060588582,-0.5355673070746163,-1.1556465000086023,0.9198838094206225,-0.14110813025753954,0.07931389511194051,1.2930155009351365,1.2036391415219412,-1.2760694125935004
2017-10-01,-0.16305877338969174,-0.07780908176467073,-0.40021674085021836,-1.1737505060094104,0.22849464640548173,-1.2022542343491898,1.4477986330024026,-0.14110813025753954,0.11377368128309658,-0.2675616588324024,1.0531948285890402,-1.2760694125935004
2017-10-08,-0.24231032271246264,-0.1636856613255682,-0.3430714420628073,-1.2244765181231263,0.6649548725680815,-1.248861968689777,1.9757134565841827,-0.14110813025753954,-0.02624989523998482,0.16095588852406476,1.537298981995794,-1.2760694125935004
2017-10-15,-0.18947595649728202,-0.24295635015101216,-0.32316248524675223,-1.1610690287129322,0.7575496388792574,-1.2954697030303646,2.5036282801659624,-0.14110813025753954,-0.032856218054293,0.7891459489632945,1.6204308473782623,-1.2760694125935004
2017-10-22,-0.24231032271246264,-0.19010922426738286,-0.4311464088322155,-1.146768600002,0.009862076418250609,-1.3420774373709519,3.0315431037477425,-0.14110813025753954,0.16455372944116373,-0.20095140644493484,1.0857637779154732,-1.2760694125935004
2017-10-29,-0.19608025227417947,-0.24295635015101216,-0.4112637081883329,-1.032095525202458,0.16537592981404328,-1.3886851717115394,3.5594579273295226,-0.14110813025753954,0.30802589529812807,0.6709425068441638,1.5357843580854813,-1.2760694125935004
2017-11-05,-0.2819360973738481,-0.19671511500283637,-0.39812747867256926,-1.1564820769011654,0.08755649748584728,-1.4352929060521267,4.087372750911301,7.08676387515643,0.4403095925860278,-0.13668015519433938,0.7250086020343885,-1.2760694125935004
2017-11-12,-0.05739004095933053,-0.2825916945637341,-0.054531013998586966,-1.1319285722834853,1.206594898287262,1.1214742349172389,-0.3621950478494146,-0.14110813025753954,0.42218863841505166,-0.2966309265951235,0.521494631027293,-1.2760694125935004
2017-11-19,-0.07059863251312568,-0.0579914095583096,-0.08728776134316159,-0.9012332450417875,1.560775627715881,1.0748665005766513,-0.3621950478494146,-0.14110813025753954,0.324784976229372,0.43950277876568816,0.9771401799057922,-1.2760694125935004
2017-11-26,-0.1036201113976137,-0.07120319102921692,-0.06282147981358437,-1.1574939408341622,0.2569859200572495,1.028258766236064,-0.3621950478494146,-0.14110813025753954,-0.620398828387983,-0.4150136917735478,-0.026192173387456302,-1.2760694125935004
2017-12-03,-0.17626736494348688,-0.10423264470648538,-0.08226684017398946,-1.0658229077117207,0.5815454527957,0.9816510318954766,-0.3621950478494146,-0.14110813025753954,-0.41008235466862625,-0.5224740998559007,-0.3080171767231274,-1.2760694125935004
2017-12-10,-0.24231032271246264,-0.17689744279647554,-0.5994865247721041,-1.0534112041870827,-0.3768542508814332,0.9350432975548892,-0.3621950478494146,-0.14110813025753954,-0.4953533702783574,-0.5198314201318848,-0.04595818040873626,-1.2760694125935004
2017-12-17,-0.28854039315074553,-0.24295635015101216,-0.6454560021745143,-1.1726712307983922,0.31846182174436677,0.8884355632143018,-0.3621950478494146,-0.14110813025753954,-0.06640134014183319,0.19659015849901626,0.27420425743001964,-1.2760694125935004
2017-12-24,-0.3413747593659261,-0.28919758529918765,-0.6816408485696724,-1.1875113099808088,0.580795449785826,0.8418278288737144,-0.3621950478494146,-0.14110813025753954,-0.07551008367152287,0.2627417900982786,0.31361492604220775,-1.2760694125935004
2017-12-31,-0.11682870295140885,-0.342044711182817,-0.0293850239127332,-1.0897018621060206,0.17896156815767844,0.795220094533127,-0.3621950478494146,-0.14110813025753954,0.01747748304911675,0.45321222635515895,-0.13924966856058946,-1.2760694125935004
2018-01-07,1.65312256525714,-0.11744442617739272,3.1832673231108277,-1.2441732714252487,1.104266910787943,0.7486123601925397,-0.3621950478494146,-0.14110813025753954,-0.001087282564396709,0.4470237828749842,-0.23986270928749442,-0.04538322178679814
2018-01-14,0.02186150836344038,1.6529342909241875,4.213430676011112,-1.169703230401079,-0.45277589018833625,0.7020046258519523,-0.3621950478494146,-0.14110813025753954,0.2743566990984728,0.3911146021857103,0.6716959247134273,-0.04538322178679814
2018-01-21,0.6030395367304264,0.021279279267134358,4.125338220822754,-0.9170176675183879,0.5328504437860959,0.6553968915113649,-0.3621950478494146,-0.14110813025753954,0.10666984767022672,0.8225132617802604,0.4064743168427735,-0.04538322178679814
2018-01-28,0.14734312812449415,0.6025976639870562,4.434137213248794,-0.9862262644043001,-0.6834847993681697,0.6087891571707775,-0.3621950478494146,-0.14110813025753954,-0.038048771397943174,1.1519113367880554,0.6565649393704976,-0.04538322178679814
2018-02-04,0.06148728302482554,0.14679120324075381,1.8960715596810493,-0.5358982644626824,0.4404383277619772,0.5621814228301901,-0.3621950478494146,-0.14110813025753954,-0.03851441082272009,1.3335702557905729,0.7665667841305897,-0.04538322178679814
2018-02-11,-0.30174898470454065,0.06091462367985604,1.1282641112739022,1.7467709168611463,0.17836313000662676,0.5155736884896027,-0.3621950478494146,-0.14110813025753954,-0.03917156969333823,0.5764160318049384,0.763123953522002,-0.04538322178679814
2018-02-18,-0.44043919601938963,-0.302409366770095,-0.14143053924210205,0.4214197225969433,0.07056469974870497,0.4689659541490153,-0.3621950478494146,-0.14110813025753954,-0.06999451412032111,0.43740146509115596,1.0074022380463408,-0.04538322178679814
2018-02-25,-0.387604829804209,-0.4411330722146218,0.013198633657935537,0.053319110547333126,0.6089255286818237,0.4223582198084279,-0.3621950478494146,-0.14110813025753954,-0.4129382450727457,0.8703891359246368,1.6944934985204372,-0.04538322178679814
2018-03-04,-0.37439623825041385,-0.38828594633099245,0.07871950479358214,0.09412925110312538,1.3765007750661444,0.37575048546784057,-0.3621950478494146,-0.14110813025753954,-0.29085496690476,1.493750382870231,2.2938719683926703,-0.04538322178679814
2018-03-11,-0.3083532804814381,-0.3750741648600851,-0.25565052597243243,-0.182974884480412,-1.7849630804443675,0.32914275112725316,-0.3621950478494146,-0.14110813025753954,-0.6080285607829339,1.1042821164685406,1.395355203964324,-0.04538322178679814
2018-03-18,-0.328166167812131,-0.3090152575055485,-0.5263575654173325,-0.29845748645108267,0.5623766867798056,0.28253501678666576,-0.3621950478494146,-0.14110813025753954,-0.27417464668882313,2.03300153680268,2.279903269039465,-0.04538322178679814
2018-03-25,-0.3611876466966187,-0.32883292971190964,-0.5028185160160829,0.28273284511510716,1.3142594296598975,0.23592728244607836,-0.3621950478494146,-0.14110813025753954,-0.5998385537107465,2.3285252079438643,3.156134957038627,-0.04538322178679814
2018-04-01,-0.35458335091972126,-0.3618623833891778,-0.5038142685224536,0.4088057530733021,-1.3397794330345822,0.18931954810549098,-0.3621950478494146,-0.14110813025753954,-0.47114692970010913,1.1811284853597326,2.91492266796538,-0.04538322178679814
2018-04-08,-0.27533180159695037,-0.3552564926537243,-0.4741046870381316,0.33453805524398833,0.331315628320638,0.14271181376490358,-0.3621950478494146,-0.14110813025753954,-0.6802110306940772,2.005064776185806,2.6084135603148986,-0.04538322178679814
2018-04-15,-0.2819360973738481,-0.2759858038282803,-0.48444158923939007,0.1502515878080315,2.3873001110440235,0.09610407942431619,-0.3621950478494146,-0.14110813025753954,-0.31668143497425494,0.27872777631516005,1.8389462368201317,-0.04538322178679814
2018-04-22,-0.24891461848936006,-0.2825916945637341,-0.5358372142794039,-0.3389303711941487,0.8950682451338887,0.0494963450837288,-0.3621950478494146,-0.14110813025753954,-0.4151719497004965,0.10013315328615079,2.237731189040433,-0.04538322178679814
2018-04-29,-0.26872750582005295,-0.24956224088646567,-0.5036426123289639,-0.241795473542741,-3.1508287384491735,0.0028886107431414045,-0.3621950478494146,-0.14110813025753954,-0.21297824193971138,-0.05208533991890407,1.7606023673441684,-0.04538322178679814
2018-05-06,-0.30174898470454065,-0.26937991309282683,-0.589063787837862,-0.3980207082963681,2.0639610118065774,-0.04371912359744599,-0.3621950478494146,-0.14110813025753954,0.030047889879114553,0.2525998480873924,2.327250477014959,-0.04538322178679814
2018-05-13,-0.29514468892764323,-0.302409366770095,-0.5854317744201665,-0.6489524650436236,1.1854900388036036,-0.09032685793803338,-0.3621950478494146,-0.14110813025753954,0.027781803394907267,1.1915510893495267,2.4397830247237806,-0.04538322178679814
2018-05-20,-0.26872750582005295,-0.29580347603464147,-0.5980839505203404,-0.6740455944008378,-0.7086167787141805,-0.13693459227862076,-0.3621950478494146,-0.14110813025753954,0.027616642645709236,1.2697890362458724,2.558199480016063,-0.04538322178679814
2018-05-27,-0.24891461848936006,-0.26937991309282683,-0.5981958774903552,-0.7603877142101109,-0.12899130040860118,-0.18354232661920816,-0.3621950478494146,-0.14110813025753954,0.08611324625598338,1.2793218647082052,1.6092563006862397,-0.04538322178679814
2018-06-03,-0.21589313960487233,-0.24956224088646567,-0.6736666028181061,-0.4519170640022528,-0.785692753386388,-0.23015006095979557,-0.3621950478494146,-0.14110813025753954,0.03998393839827644,0.5915737609781544,1.9210375566705624,-0.04538322178679814
2018-06-10,-0.18947595649728202,-0.2165327872091975,-0.7022648327385366,-0.8559036604470649,0.2684585558380878,-0.27675779530038297,-0.3621950478494146,-0.14110813025753954,0.001748980133992522,-0.428321251107489,0.6336159657514615,-0.04538322178679814
2018-06-17,-0.14324588605899885,-0.19010922426738286,-0.6766986041744227,-0.8386352570707711,-1.2904108948572426,-0.3233655296409703,-0.3621950478494146,-0.14110813025753954,-0.05072480128221822,-0.49719175289976003,0.51002411965137,-0.04538322178679814
2018-06-24,-0.14324588605899885,-0.14386798911920706,-0.6368245924126038,-0.7002180247010211,0.2383116510035,-0.3699732639815577,-0.3621950478494146,-0.14110813025753954,-0.08012341278862958,-0.2434079356863068,0.5937364596142591,-0.04538322178679814
2018-07-01,-0.14985018183589657,-0.14386798911920706,-0.6142744723993204,-0.23504999704088883,-1.8431259101146962,-0.4165809983221451,-0.3621950478494146,-0.14110813025753954,-0.1916109731204032,-0.1840080340299507,0.417237682240882,-0.04538322178679814
2018-07-08,-0.19608025227417947,-0.15047387985466087,-0.5533398561023403,-0.4778871639735556,-0.4515825781927994,-0.4631887326627325,-0.3621950478494146,-0.14110813025753954,-0.39926553292214073,0.6762015582943783,0.9021334316932892,-0.04538322178679814
2018-07-15,-0.2092888438279746,-0.19671511500283637,-0.6343122603069916,-0.7849412445597423,-1.004643863213549,-0.5097964670033199,-0.3621950478494146,-0.14110813025753954,-0.34931135837542104,0.8697732792527345,1.0297030411937613,-0.04538322178679814
2018-07-22,-0.2819360973738481,-0.2099268964737437,-0.5840319363987976,-0.8119231505671521,-0.46776905940963326,-0.5564042013439073,-0.3621950478494146,-0.14110813025753954,-0.5066978321528872,1.0901822388663749,1.389864842444759,-0.04538322178679814
2018-07-29,-0.27533180159695037,-0.2825916945637341,-0.5632694705654713,-0.8181290023294708,-1.345197211295767,-0.6030119356844947,-0.3621950478494146,-0.14110813025753954,-0.9281812074248924,0.8711699344539325,0.8212753776499248,-0.04538322178679814
2018-08-05,-0.26872750582005295,-0.2759858038282803,-0.5510637285475455,-0.7754975928963188,-0.4225771969457588,-0.6496196700250821,-0.3621950478494146,-0.14110813025753954,-0.964362623021339,0.7460437831219169,0.6169632858434246,-0.04538322178679814
2018-08-12,-0.16305877338969174,-0.26937991309282683,-0.37790208677627385,-0.9533083061383625,-0.3147740712775932,-0.6962274043656694,-0.3621950478494146,-0.14110813025753954,-1.0260496721020789,0.3455257398575698,0.4308434962408696,-0.04538322178679814
2018-08-19,-0.13664159028210143,-0.1636856613255682,-0.4986526376464657,-0.6473335136291699,-0.42291683375554356,-0.7428351387062568,-0.3621950478494146,-0.14110813025753954,-0.49847805515893845,1.423358772001721,1.488337806295649,-0.04538322178679814
2018-08-26,-0.13003729450520402,-0.13726209838375356,-0.49816063667041927,-0.8313501558293845,-1.1953090814934586,-0.7894428730468442,-0.3621950478494146,-0.14110813025753954,-0.4994735235930008,1.356143323954276,1.335823612753304,-0.04538322178679814
2018-09-02,-0.15645447761279402,-0.13065620764830005,-0.45806107481470043,-0.7962736728733611,-1.0271472936152524,-0.8360506073874316,-0.3621950478494146,-0.14110813025753954,-0.8448613170446098,2.162215448989173,2.5126883454948303,-0.04538322178679814
2018-09-09,-0.17626736494348688,-0.1570797705901144,-0.6165719166069983,-0.5952584718315578,-0.2228615415780659,-0.882658341728019,-0.3621950478494146,-0.14110813025753954,0.06088063538107624,0.7749793510020216,1.3405659268022332,-0.04538322178679814
2018-09-16,-0.1828716607203843,-0.17689744279647554,-0.661565507217583,-0.7514836872862213,0.3970621150662416,-0.9292660760686065,-0.3621950478494146,-0.14110813025753954,0.21671004337193095,0.5315304202182133,2.123465846422315,-0.04538322178679814
2018-09-23,-0.11682870295140885,-0.18350333353192905,-0.5312347843300365,-0.8394446813140961,-0.30022314114907117,-0.9758738104091939,-0.3621950478494146,-0.14110813025753954,0.27531783845211455,0.2949067271586203,1.7169225708016747,-0.04538322178679814
2018-09-30,-0.09701581562071598,-0.11744442617739272,-0.5527363064691247,-0.8302708548864156,-0.129882547182329,-1.0224815447497813,-0.3621950478494146,-0.14110813025753954,0.29439106862682607,0.03237365558711576,1.9662861409379677,-0.04538322178679814
2018-10-07,0.015257212586542657,-0.09762675397103157,-0.49350816869957786,-0.7584989890238164,0.0560494714419893,-1.0690892790903685,-0.060529434374112075,-0.14110813025753954,0.5786722402299299,0.4478714654469281,1.0418777584896486,-0.04538322178679814
2018-10-14,0.06148728302482554,0.01467338853168055,-0.5527666994819826,0.2179761265983978,0.5982376536675165,-1.115697013430956,0.46738538920766803,-0.14110813025753954,0.7832986903115495,-0.9797232431923089,0.5245328907586213,-0.04538322178679814
2018-10-21,0.03507009991723524,0.06091462367985604,-0.4744579909867399,0.09331974966394765,0.8760894906135163,-1.1623047477715434,0.9953002127894482,-0.14110813025753954,1.0585993213670533,-1.6015783931019727,-0.13139833979104426,-0.04538322178679814
2018-10-28,0.07469587457862069,0.03449106073804139,-0.4796046988995843,0.5706296298810252,-0.28423986840035914,-1.2089124821121309,1.5232150363712285,-0.14110813025753954,1.1895916537261946,-2.451273725696923,-0.5405992501850578,-0.04538322178679814
2018-11-04,0.04827869147103039,0.07412640515076337,-0.5610680074921736,0.4133252228441824,0.7204234410039664,-1.2555202164527182,2.0511298599530083,-0.14110813025753954,1.5432899625208067,-1.1117434266672015,-0.0015734341034679372,-0.04538322178679814
2018-11-11,0.24640756477795764,0.047702842208948715,-0.2896964094982027,-0.06749238543754356,2.649203986367165,-1.3021279507933057,2.579044683534788,-0.14110813025753954,1.1185745944291436,-0.7167920174840555,-0.733378866118589,-0.04538322178679814
2018-11-18,0.6756867902762999,0.2458795642725586,0.04538321211034822,0.18964519734007945,-0.3138564929510653,-1.348735685133893,3.106959507116568,-0.14110813025753954,1.178871972531896,0.5156689489221116,-0.5735060919422114,-0.04538322178679814
2018-11-25,0.9662758044597927,0.6752624620770465,-0.014316809932225859,0.35922645961356464,-0.3754636281891391,-1.3953434194744803,3.6348743306983478,7.08676387515643,0.9583156516157448,1.3192371307665662,-0.9189243096904572,-0.04538322178679814
2018-12-02,0.8077727058142509,0.9659216544370072,0.14287408930786338,0.012374083105618295,0.10132841093083267,-1.4419511538150678,4.162789154280128,7.08676387515643,0.6067530553183023,0.1456689338212476,-0.3617558483401603,-0.04538322178679814
2018-12-09,0.8473984804756366,0.8073802767861192,0.187709614123223,0.2479261230649485,1.3317711612537335,0.9417015453178303,-0.3621950478494146,-0.14110813025753954,0.8098309406274166,1.5318376302102843,-0.22556826350242604,-0.04538322178679814
2018-12-16,0.7747512269297631,0.8470156211988416,-0.11935443295223878,0.4135949451521214,-0.20603166814614576,0.8950938109772429,-0.3621950478494146,-0.14110813025753954,0.8424070130388069,1.4914625314557892,0.07148223646069472,-0.04538322178679814
2018-12-23,0.34547200143142115,0.7743508231088511,-0.10771178738591965,1.115934028515914,-0.3442147667019002,0.8484860766366555,-0.3621950478494146,-0.14110813025753954,0.7703376684667523,1.3762484924379201,-0.22616963752689082,-0.04538322178679814
2018-12-30,0.03507009991723524,0.34496792530436343,-0.02690277720694646,1.7042744457778158,0.6538723007748906,0.8018783422960681,-0.3621950478494146,-0.14110813025753954,0.687061216450475,0.9147856410765474,-0.10341921197245801,-0.04538322178679814
2019-01-06,-0.18947595649728202,0.03449106073804139,-0.2439038914831201,0.7157248824436913,1.5580715618557925,0.7552706079554807,-0.3621950478494146,-0.14110813025753954,0.6140258142617786,-0.627634889911086,0.011873105151756587,-0.04538322178679814
2019-01-13,-0.2092888438279746,-0.19010922426738286,-0.1833603925480292,0.18155059465951537,-0.5422051538366066,0.7086628736148933,-0.3621950478494146,-0.14110813025753954,0.4190639469119442,-0.3290416543729116,1.0594214429386695,-0.04538322178679814
2019-01-20,0.19357319856277705,-0.2099268964737437,0.6536854990794434,-0.006513271685129055,2.443163525331407,0.6620551392743059,-0.3621950478494146,-0.14110813025753954,0.26021433632504654,-0.6398731475894351,1.286299548310239,-0.04538322178679814
2019-01-27,-0.011159970521047644,0.1930324383889293,0.5754976925131056,0.08030099082279157,-1.5319572118852733,0.6154474049337185,-0.3621950478494146,-0.14110813025753954,0.18725693018170658,-0.9141470775259934,0.0353882965241062,-0.04538322178679814
2019-02-03,-0.2026845480510772,-0.011750174410134102,0.5473144313416037,-0.11983729750181238,0.8492567762695395,0.5688396705931311,-0.3621950478494146,-0.14110813025753954,0.16607134275544924,-0.43216712764685294,0.20598188656076485,-0.04538322178679814
2019-02-10,-0.4074177171349019,-0.20332100573829018,0.6485909177875049,-0.37886355400182853,1.1531971553323224,0.5222319362525438,-0.3621950478494146,-0.14110813025753954,0.3295595898391358,-1.6716203012046953,-0.4817986352279615,-0.04538322178679814
2019-02-17,-0.36779194247351643,-0.4081036185373536,-0.19092033479475745,-0.39478290839526375,-2.2616394385190044,0.47562420191195637,-0.3621950478494146,-0.14110813025753954,0.4722905651685909,-1.9411964009691012,-0.8998496837280345,-0.04538322178679814
2019-02-24,-0.328166167812131,-0.3684682741246316,-0.09443808808198792,-0.5861520309499479,2.118215798399185,0.429016467571369,-0.3621950478494146,-0.14110813025753954,1.1754374625842225,-0.15886211828526503,-0.15269461832364914,-0.04538322178679814
2019-03-03,-0.19608025227417947,-0.32883292971190964,-0.03544338017370527,-0.5326604388296274,-0.448774441513082,0.3824087332307816,-0.3621950478494146,-0.14110813025753954,0.7076999696351247,-0.008691464592478625,-0.6415165658760013,-0.04538322178679814
2019-03-10,0.04827869147103039,-0.19671511500283637,-0.2812132739445197,-0.40638513621267436,-0.06790928124488141,0.3358009988901942,-0.3621950478494146,-0.14110813025753954,0.6436230293776732,0.4937573323944331,-0.96504452690879,-0.04538322178679814
2019-03-17,-0.2092888438279746,0.047702842208948715,0.22017452188151468,-0.6724266944502856,-0.6014437658141656,0.2891932645496068,-0.3621950478494146,-0.14110813025753954,0.7747744323684201,0.4186161528289738,-1.3290075895413602,-0.04538322178679814
2019-03-24,-0.2291017311586675,-0.2099268964737437,0.2349202077195578,-0.5971471777188891,-0.8154920722806152,0.24258553020901943,-0.3621950478494146,-0.14110813025753954,0.7965028018001936,-0.5453721536357827,-0.9530376514912979,-0.04538322178679814
2019-03-31,-0.328166167812131,-0.22974456868010484,0.20441072333932597,-0.49947268105989867,1.261012029123585,0.19597779586843203,-0.3621950478494146,-0.14110813025753954,1.2118822155448752,0.2498838019092038,-0.12141080101199223,-0.04538322178679814
2019-04-07,-0.3347704635890284,-0.32883292971190964,-0.2528674156125432,-0.6991388266858548,1.3801504016685922,0.14937006152784463,-0.3621950478494146,-0.14110813025753954,1.1693075300050773,1.14711531749955,-0.17916162089085869,-0.04538322178679814
2019-04-14,-0.32156187203523323,-0.3354388204473632,-0.49319400808260677,-0.7290886816266765,0.6468526758571834,0.10276232718725725,-0.3621950478494146,-0.14110813025753954,1.120394206243485,2.127262102157612,0.0754087972826735,-0.04538322178679814
2019-04-21,-0.387604829804209,-0.3222270389764558,-0.4771701570473744,-0.8451783389138658,0.19032801045756761,0.056154592846669855,-0.3621950478494146,-0.14110813025753954,0.9506464019386305,1.3494246721606253,0.3469950750996654,-0.04538322178679814
2019-04-28,-0.42723060446559447,-0.38828594633099245,-0.5513213913528963,-0.7822430693981715,0.7368528500899626,0.00954685850608246,-0.3621950478494146,-0.14110813025753954,0.9967946907328264,-0.09655006035644706,0.09406550295656624,-0.04538322178679814
2019-05-05,-0.4074177171349019,-0.42792129074371443,-0.5170300377764487,-0.6608244923648257,-0.03757972755769633,-0.03706087583450493,-0.3621950478494146,-0.14110813025753954,0.7673682724166404,-0.5855964935002972,0.633332398456887,-0.04538322178679814
2019-05-12,-0.40081342135800413,-0.4081036185373536,-0.5244736266186207,-0.0947440909487461,1.5698076003515962,-0.08366861017509232,-0.3621950478494146,-0.14110813025753954,0.5781002510866619,-0.8741496154575509,0.9465217668535969,-0.04538322178679814
2019-05-19,-0.35458335091972126,-0.4014977278018998,-0.540744498905824,-0.175689834702927,-1.0510109469915696,-0.1302763445156797,-0.3621950478494146,-0.14110813025753954,-0.10519074710077594,-0.4247417450944372,0.16709488642240544,-0.04538322178679814
2019-05-26,-0.3611876466966187,-0.3552564926537243,-0.6102536791157456,-0.378593754498037,-0.7495842176831361,-0.1768840788562671,-0.3621950478494146,-0.14110813025753954,-0.05568876853545704,-0.49161392484476113,-0.2128245528967049,-0.04538322178679814
2019-06-02,-0.3611876466966187,-0.3618623833891778,-0.6040949072788405,-0.09575598704668102,0.053408933503721286,-0.2234918131968545,-0.3621950478494146,-0.14110813025753954,-0.08907756814847197,-0.5261693294275225,-0.039413582766240324,-0.04538322178679814
2019-06-09,-0.4998778580114676,-0.3618623833891778,-0.32033016348978244,-0.23370092232607875,-0.5227648020259871,-0.2700995475374419,-0.3621950478494146,-0.14110813025753954,-0.4175092006381293,-0.16158802700702882,0.5405502134696272,-0.04538322178679814
2019-06-16,-0.5262950411190579,-0.5005860888337046,-0.3978267600849744,-0.3742766793859146,-0.4017115321218064,-0.31670728187802927,-0.3621950478494146,-0.14110813025753954,-0.43943372602532105,-0.22945324742126205,0.3840434201891712,-0.04538322178679814
2019-06-23,-0.5328993368959557,-0.5270096517755193,-0.3985121283384583,-0.4811250024725864,-0.7510493710192349,-0.36331501621861667,-0.3621950478494146,-0.14110813025753954,-1.1828834845739225,0.4538439035594304,-0.09403765694698539,-0.04538322178679814
2019-06-30,-0.5725251115573411,-0.533615542510973,-0.431689370303672,-0.3821014053668344,-0.052711874632238635,-0.4099227505592041,-0.3621950478494146,-0.14110813025753954,-1.5439121412345895,0.43520337359915434,-0.4286030668710149,-0.04538322178679814
2019-07-07,-0.5923379988880337,-0.573250886923695,-0.6504101199121064,-0.7220734056210324,-2.1043125348569243,-0.4565304848997915,-0.3621950478494146,-0.14110813025753954,-1.0055633135815254,1.0977562625521373,-0.02648718841762567,-0.04538322178679814
2019-07-14,-0.4866692664576725,-0.5930685591300559,-0.3467149695600211,-0.7126297282256585,0.038815732289882894,-0.5031382192403788,-0.3621950478494146,-0.14110813025753954,-1.1258855306485347,1.0365441199244778,0.2031854429757687,-0.04538322178679814
2019-07-21,-0.5064821537883654,-0.48737430736279724,-0.3389356125545806,-0.68321947229242,-2.049608795359188,-0.5497459535809662,-0.3621950478494146,-0.14110813025753954,-1.1641332332265422,0.4645008326438828,0.2538024509866351,-0.04538322178679814
2019-07-28,-0.5989422946649314,-0.5071919795691584,-0.2544490360233905,-0.8014002494246615,-1.2759812896093554,-0.5963536879215536,-0.3621950478494146,-0.14110813025753954,-1.145681511805271,0.6698439409828599,0.34484740995339985,-0.04538322178679814
2019-08-04,-0.6385680693263166,-0.5996744498655097,-0.24365892127047312,-0.3896562803800616,0.36109260118050795,-0.642961422262141,-0.3621950478494146,-0.14110813025753954,-1.061031795253959,-0.47304890974205605,0.25062329320177884,-0.04538322178679814
2019-08-11,-0.7244239144259852,-0.6393097942782313,-0.5215840360212681,0.17048801731358942,-0.19039765414419163,-0.6895691566027284,-0.3621950478494146,-0.14110813025753954,-0.7132659811600284,-1.1166052726860882,-0.2679893485373375,-0.04538322178679814
2019-08-18,-0.6583809566570095,-0.7251863738391291,-0.2832389778674949,0.20367580081527006,-1.124577395419594,-0.7361768909433158,-0.3621950478494146,-0.14110813025753954,-0.727873181225065,-1.2146227742548423,-0.24712875560134823,-0.04538322178679814
2019-08-25,-0.618755181995624,-0.6591274664845925,-0.29435174272753684,-0.164087581153566,-0.26732689237141133,-0.7827846252839032,-0.3621950478494146,-0.14110813025753954,-0.6592094150741817,-1.1126370454592303,-0.06980679994805272,-0.04538322178679814
2019-09-01,-0.6121508862187266,-0.6194921220718705,-0.3181180548174881,0.08171752184653684,-1.0346243808965292,-0.8293923596244906,-0.3621950478494146,-0.14110813025753954,-0.5487859016843593,-1.1705458840978396,-0.4207942370761468,-0.04538322178679814
2019-09-08,-0.4932735622345702,-0.612886231336417,-0.4441073438335064,-0.20199716475500626,-0.40601228723039107,-0.8760000939650779,-0.3621950478494146,-0.14110813025753954,-0.4490985922251711,-0.15190243600879225,-0.22075492077406175,-0.04538322178679814
2019-09-15,-0.37439623825041385,-0.49398019809825106,-0.4040948298670813,-0.5334698888049035,-0.20629858110238206,-0.9226078283056653,-0.3621950478494146,-0.14110813025753954,-0.5105163952106611,0.20927234618975943,-0.38544474172840915,-0.04538322178679814
2019-09-22,-0.3810005340273116,-0.3750741648600851,-0.33389912339970784,-0.5499288679378721,-0.3447488275100467,-0.9692155626462527,-0.3621950478494146,-0.14110813025753954,-0.4281734522186858,-0.5393579548538954,-0.641167156565982,-0.04538322178679814
2019-09-29,-0.45364778757318475,-0.3816800555955389,-0.19690517492644077,-0.31302776612970784,-0.6218323210916832,-1.0158232969868402,-0.3621950478494146,-0.14110813025753954,-0.6130254326421121,-0.9134794805881152,-1.4470062022132026,-0.04538322178679814
2019-10-06,-0.5791294073342386,-0.45434485368552907,-0.1552257368035198,-0.034844252407349216,0.5789042286826368,-1.0624310313274277,-0.13594583774293745,-0.14110813025753954,-0.37622795786474494,-0.8431111308260798,-1.224813769668673,-0.04538322178679814
2019-10-13,-0.6253594777725218,-0.5798567776591486,-0.4614499498943083,-0.07774548707624342,0.30131851888397515,-1.109038765668015,0.39196898583884227,-0.14110813025753954,-0.2015268216964315,-0.4637316775968378,-0.8956639410647046,-0.04538322178679814
2019-10-20,-0.6319637735494191,-0.6260980128073244,-0.4636212527161438,-0.6200818081179681,0.08584532440027999,-1.1556465000086023,0.9198838094206225,-0.14110813025753954,-0.23114435238108877,-0.3953870778633275,-1.1844569383054644,-0.04538322178679814
2019-10-27,-0.6319637735494191,-0.6327039035427778,-0.4176245477475543,-0.6470637141253784,0.8082776604582419,-1.2022542343491898,1.4477986330024026,-0.14110813025753954,-0.2518710780507219,0.5185333922108137,-0.9683897941783912,-0.04538322178679814
2019-11-03,-0.387604829804209,-0.6327039035427778,0.06994775849857672,-0.7730692172385402,0.8684593083595237,-1.248861968689777,1.9757134565841827,-0.14110813025753954,-0.4391307220475508,-0.15681891936563516,-0.6934532568207459,-0.04538322178679814
2019-11-10,-0.2555189142662578,-0.38828594633099245,-0.015586666420167575,-0.7949245724266001,0.3765874407356326,-1.2954697030303646,2.5036282801659624,-0.14110813025753954,-0.4251081237508909,-0.9223813219649168,-0.7187556968388616,-0.04538322178679814
2019-11-17,-0.3149575762583358,-0.2561681316219195,0.05708942546172318,-0.7916867210615944,-0.08322592386380946,-1.3420774373709519,3.0315431037477425,-0.14110813025753954,-0.4704654114118043,-0.3827064128144925,-0.7766432583769769,-0.04538322178679814
2019-11-24,-0.4140220129117993,-0.3156211482410023,0.18355565109812455,-0.7889885459000239,0.743892557817836,-1.3886851717115394,3.5594579273295226,-0.14110813025753954,-0.5294428409394275,-0.24893471538024559,-0.4227794628236349,-0.04538322178679814
2019-12-01,-0.47346067490387733,-0.4147095092728071,-0.19560406877767128,-0.8927339752704746,0.4674948396559556,-1.4352929060521267,4.087372750911301,7.08676387515643,-0.6526874393923687,-0.18364100862466895,-0.7110142910107827,-0.04538322178679814
2019-12-08,-0.5461079284497509,-0.47416252589188995,-0.634681614157021,-0.5126938088278613,0.3141967837956345,3.1788727936660255,-0.3621950478494146,-0.14110813025753954,-0.6159848163024614,-0.17521040369564825,-0.9216947394037456,-0.04538322178679814
2019-12-15,-0.6385680693263166,-0.5468273239818804,-0.6306965094200065,-0.5318509888543513,0.8027633014103349,3.1322650593254378,-0.3621950478494146,-0.14110813025753954,-0.24705951690355413,0.40778214881579405,-0.23722469026385629,-0.04538322178679814
2019-12-22,-0.6121508862187266,-0.6393097942782313,-0.42832460992363003,-0.8308104796259488,0.4202132751982329,3.0856573249848505,-0.3621950478494146,-0.14110813025753954,-0.6717621517293134,0.20131367259943034,0.2940568211743862,-0.04538322178679814
2019-12-29,-0.7772582806411658,-0.612886231336417,-0.2570373892185156,-0.7719899484605092,1.105724281346656,3.039049590644263,-0.3621950478494146,-0.14110813025753954,-0.5753496048350458,-0.28200253093625355,-0.3742484862984514,-0.04538322178679814
2020-01-05,-0.7640496890873707,-0.7780334997227584,-0.1861328340564263,-0.6461867949751913,0.5254207330114173,2.992441856303676,-0.3621950478494146,-0.14110813025753954,-0.6995765508831687,-0.21629416424331877,-0.7864754076343345,-0.04538322178679814
2020-01-12,-0.7376325059797804,-0.7648217182518511,-0.16430742738048906,-0.7182959295164926,-0.9494654281506298,2.9458341219630886,-0.3621950478494146,-0.14110813025753954,-0.6294161881123657,-0.6060773359670584,-0.36892554164481567,-0.04538322178679814
2020-01-19,-0.7574453933104729,-0.7383981553100365,-0.19808949094134365,-0.8434919826543782,1.2258407920277374,2.899226387622501,-0.3621950478494146,-0.14110813025753954,-0.5546787198221339,-0.9570938484087359,-0.6218919191963488,-0.04538322178679814
2020-01-26,-0.8433012384101414,-0.7582158275163973,-0.3967758777219602,-0.706558808380174,0.5244745017455947,2.8526186532819136,-0.3621950478494146,-0.14110813025753954,-0.5473377479007573,-0.6152812365065606,-0.6453414637441724,-0.04538322178679814
2020-02-02,-0.8300926468563463,-0.8440924070772949,-0.39586488968036077,-0.20456046589663202,0.3418164551017286,2.8060109189413263,-0.3621950478494146,-0.14110813025753954,-0.5870745989716909,-0.5561283841767375,-0.5679834940476717,-0.04538322178679814
2020-02-09,-0.8697184215177317,-0.8308806256063875,-0.4515003443228325,-0.356468625538136,0.09890728836540448,2.759403184600739,-0.3621950478494146,-0.14110813025753954,-0.5532853879169091,-0.6308357435038064,-0.5198269176814473,-0.04538322178679814
2020-02-16,-0.8631141257408341,-0.8705159700191095,-0.4199830425233818,-0.5671972713141663,-0.5985484578447218,2.7127954502601512,-0.3621950478494146,-0.14110813025753954,-0.45686952164486566,0.1688860076832951,-0.3844643854639975,-0.04538322178679814
2020-02-23,-0.7970711679718584,-0.8639100792836559,-0.4214917733080194,-0.4181896814929901,-0.598996773464461,2.666187715919564,-0.3621950478494146,-0.14110813025753954,-0.22782399114039098,-0.32334920649869126,-0.7237290192973022,-0.04538322178679814
2020-03-01,-0.8763227172946293,-0.7978511719291193,-0.2923109760037297,1.805051932647843,0.1598921041869106,2.6195799815789766,-0.3621950478494146,-0.14110813025753954,-0.27395786308720793,-0.1947881496968825,-0.5791364207957871,-0.04538322178679814
2020-03-08,-0.9291570835098097,-0.8771218607545632,-0.2731641135831939,2.4547760728560193,0.3116221565069072,2.5729722472383894,-0.3621950478494146,-0.14110813025753954,-0.6706500048746632,-1.0155380295203138,-1.2859209891152326,-0.04538322178679814
2020-03-15,-0.8829270130715268,-0.9299689866381924,-0.21886240926818293,5.292463335569508,0.20518846771608715,2.526364512897802,-0.3621950478494146,-0.14110813025753954,0.9563972120414197,-3.1901508366312017,-2.3045926018033125,-0.04538322178679814
2020-03-22,-0.9357613792867073,-0.8837277514900167,-0.32942242662370624,7.562451116792711,1.8277792884760933,2.4797567785572143,-0.3621950478494146,-0.14110813025753954,0.9920533556886388,-2.640722915068895,-2.0406040842408735,-0.04538322178679814
2020-03-29,-0.9753871539480928,-0.9365748773736461,-0.37368017792735453,5.9613447072680765,0.23448895313612567,2.433149044216627,-0.3621950478494146,-0.14110813025753954,1.3395615073998703,-2.021678594244178,-1.6102462103977384,-0.04538322178679814
2020-04-05,-1.048034407493966,-0.9762102217863681,-0.3281353807447683,4.656499819209076,0.9899756347393182,2.3865413098760397,-0.3621950478494146,-0.14110813025753954,1.9689468682013496,-0.41836261114338336,-1.1900423711768433,-0.04538322178679814
2020-04-12,-0.9489699708405025,-1.0488750198763581,-0.09346243394180205,3.4641692754039237,-0.32439255510128834,2.3399335755354524,-0.3621950478494146,-0.14110813025753954,1.9666397195980145,2.5915331062924856,-0.8804222500477701,-0.04538322178679814
2020-04-19,-0.9819914497249903,-0.9497866588445534,-0.10932604797951684,2.838998511153674,-0.6565522619177158,2.2933258411948647,-0.3621950478494146,-0.14110813025753954,1.9894705776988004,1.9478869187589862,-0.971358560137229,-0.04538322178679814
2020-04-26,-0.8961356046253218,-0.9828161125218217,-0.0395698355571263,3.122308627159285,1.337093498536191,2.2467181068542774,-0.3621950478494146,-0.14110813025753954,2.0920634188860974,0.25700208986787976,-1.230170870538394,-0.04538322178679814
2020-05-03,-0.9885957455018879,-0.8969395329609241,0.0003443479317784752,2.067316040512865,-0.03776155069379219,2.20011037251369,-0.3621950478494146,-0.14110813025753954,2.0571525043173517,-0.8728080204555744,-1.3169180313124598,-0.04538322178679814
2020-05-10,-0.9027399004022194,-0.9894220032572754,-0.0438927911153872,1.8970602280159996,-0.12820185075570473,2.153502638173103,-0.3621950478494146,-0.14110813025753954,1.9648537107092072,-1.165177637733414,-1.5632858757518544,-0.04538322178679814
2020-05-17,-1.0414301117170686,-0.9035454236963777,0.1671721715829076,1.8233995855032041,0.2034333071232719,2.106894903832515,-0.3621950478494146,-0.14110813025753954,2.1632997052960263,0.03452644416786635,-0.78123389205129,-0.04538322178679814
2020-05-24,-0.9423656750636049,-1.0422691291409047,0.21106218114445718,1.421908846757058,0.6252225843069754,2.060287169491928,-0.3621950478494146,-0.14110813025753954,2.162294015484858,0.7870772369498329,-0.7466353424379479,-0.04538322178679814
2020-05-31,-0.9555742666174001,-0.9431807681090997,0.12207728631040643,1.264132194093765,-0.4140934969221353,2.0136794351513405,-0.3621950478494146,-0.14110813025753954,2.1932918784492754,1.3810317839644932,-0.03673757659720188,-0.04538322178679814
2020-06-07,-0.9952000412787855,-0.9563925495800071,0.03394016493941997,1.0320202843644206,-1.3630504699053039,1.9670717008107532,-0.3621950478494146,-0.14110813025753954,0.6578252214281096,0.9642373822109951,1.3552216617363495,-0.04538322178679814
2020-06-14,-0.9952000412787855,-0.9960278939927291,-0.23088151582166935,1.7543259205341268,-0.26409063489637125,1.9204639664701657,-0.3621950478494146,-0.14110813025753954,0.7619058189650412,0.8108299574063635,1.8718874593520956,-0.04538322178679814
2020-06-21,-1.1140773652629417,-0.9960278939927291,-0.30138154404637624,2.0719029151287796,-0.2943430487342608,1.8738562321295784,-0.3621950478494146,-0.14110813025753954,0.652082468769752,1.019690172986413,1.3880218335077459,-0.04538322178679814
2020-06-28,-1.0810558863784538,-1.114933927230895,-0.1950306385576957,1.918915608936011,-1.019273798801416,1.827248497788991,-0.3621950478494146,-0.14110813025753954,0.35156297956498034,1.3933198587502116,1.1431488879144538,-0.04538322178679814
2020-07-05,-1.0150129286094782,-1.0819044735536265,-0.06620761955607991,1.492803870665322,-0.3552636327190115,1.7806407634484036,-0.3621950478494146,-0.14110813025753954,0.35788202280776454,2.3593335022790436,1.2157602108393057,-0.04538322178679814
2020-07-12,-0.9423656750636049,-1.01584556619909,0.002363172208159256,1.3272024019592816,-1.1573290366859421,1.734033029107816,-0.3621950478494146,-0.14110813025753954,0.32558903811488576,1.0718966413262485,1.2709371187767946,-0.04538322178679814
2020-07-19,-0.9489699708405025,-0.9431807681090997,-0.4277147311835528,1.3582315321111205,-1.0531206580868435,1.6874252947672286,-0.3621950478494146,-0.14110813025753954,0.15211930821160316,0.37435761865686845,1.4774618880131904,-0.04538322178679814
2020-07-26,-0.9819914497249903,-0.9497866588445534,-0.29662255014707695,0.8830801508521802,-1.0698480795805168,1.6408175604266413,-0.3621950478494146,-0.14110813025753954,0.17871918413041915,-0.6397732365071207,1.3392694628664314,-0.04538322178679814
2020-08-02,-0.9159484919560146,-0.9828161125218217,-0.3098400585274114,0.8280370893582917,-0.14393491253019308,1.5942098260860538,-0.3621950478494146,-0.14110813025753954,0.1496440098196853,-0.9173122227318873,1.4349475079631564,-0.04538322178679814
2020-08-09,-0.71121532287219,-0.9167572051672851,0.0701788723363219,0.6227047681734521,-0.7066018290403033,1.5476020917454665,-0.3621950478494146,-0.14110813025753954,-0.0140862161261451,-0.9244006250146942,0.5343019500014573,-0.04538322178679814
2020-08-16,-0.6847981397645998,-0.7119745923682218,0.032300014458375756,0.5344739231778844,-0.6159168334885476,1.500994357404879,-0.3621950478494146,-0.14110813025753954,-0.019112729379776698,-0.46655541577540066,0.5639184906951047,-0.04538322178679814
2020-08-23,-0.5395036326728531,-0.6855510294264071,-0.14576714337061575,0.4815894635699344,-0.7078092751423501,1.4543866230642917,-0.3621950478494146,-0.14110813025753954,0.38916768214514585,0.752529290326788,0.9171285796839065,-0.04538322178679814
2020-08-30,-0.45364778757318475,-0.5402214332464266,-0.140541381666732,0.6013890891888268,-0.6474563741759096,1.4077788887237042,-0.3621950478494146,-0.14110813025753954,0.5030091654846522,0.026069610092655182,0.768075056952284,-0.04538322178679814
2020-09-06,-0.6914024355414972,-0.45434485368552907,0.22332257772053066,1.3663260833277837,-0.38848085714788316,1.3611711543831169,-0.3621950478494146,-0.14110813025753954,0.3284060956783018,0.6153872918658992,0.4117692406121396,-0.04538322178679814
2020-09-13,-0.6914024355414972,-0.6921569201618607,0.22130246343836338,1.4368162921865832,0.06954863623108865,1.3145634200425294,-0.3621950478494146,-0.14110813025753954,0.34421623172055776,0.47511831009519906,0.22821947236562437,-0.04538322178679814
2020-09-20,-0.8433012384101414,-0.6921569201618607,0.09416998064187762,0.99721365237609,-0.7855881380189186,1.267955685701942,-0.3621950478494146,-0.14110813025753954,0.028095265698797833,-1.227256546121828,-0.7304527950632602,-0.04538322178679814
2020-09-27,-1.0084086328325808,-0.8440924070772949,-0.14572540146456972,1.2222427525950026,0.03910123208277849,1.2213479513613548,-0.3621950478494146,-0.14110813025753954,0.004477570772973074,-0.3844236722349658,-0.7680479842566542,-0.04538322178679814
2020-10-04,-1.0282215201632734,-1.0092396754636364,-0.1530483667262162,1.0886823487366633,-0.083193895481758,1.1747402170207673,-0.3621950478494146,-0.14110813025753954,0.04165557279718689,-1.0202987784290252,-0.8381929374869685,-0.04538322178679814
2020-10-11,-0.8565098299639365,-1.0290573476699973,0.44085470931613585,1.188515318621838,0.023800634096195105,1.12813248268018,-0.3621950478494146,-0.14110813025753954,-0.009346473152413853,-1.1842190651184925,-0.7433133456149535,-0.04538322178679814
2020-10-18,-0.6847981397645998,-0.8573041885482022,0.4876136399645925,1.05522468853534,0.5434009684094713,1.0815247483395924,-0.3621950478494146,-0.14110813025753954,0.014742949761925396,-0.4650047424002318,-0.6286560009140985,-0.04538322178679814
2020-10-25,-0.3083532804814381,-0.6855510294264071,0.30997983058810147,1.3498671556587165,-0.1137130068147066,1.0349170139990052,-0.3621950478494146,-0.14110813025753954,0.15034126684435623,-1.258742428141605,-0.9724137920811198,-0.04538322178679814
2020-11-01,-0.0772029282900234,-0.3090152575055485,-0.16844478342969124,2.3983839366473214,0.34435428849015326,0.9883092796584177,-0.3621950478494146,-0.14110813025753954,0.29114764623211137,-0.3480027200584646,-0.4981168387483369,-0.04538322178679814
2020-11-08,-0.2819360973738481,-0.07780908176467073,0.627239063025752,1.6696027521393066,1.4885101194587376,0.9417015453178303,-0.3621950478494146,-0.14110813025753954,0.32069736298916046,0.20041061850944278,-0.36412520581471913,-0.04538322178679814
2020-11-15,-0.30174898470454065,-0.2825916945637341,0.6994908235474915,0.7997061086360715,-0.4332211102261087,0.8950938109772429,-0.3621950478494146,-0.14110813025753954,-0.48410554244869364,0.15537328049265908,-0.931329554818147,-0.04538322178679814
2020-11-22,-0.5395036326728531,-0.302409366770095,0.31248072010613626,0.6205462692153169,1.9120137420514205,0.8484860766366555,-0.3621950478494146,-0.14110813025753954,-0.5684648527511136,1.3055289176765006,-0.3202932128029128,-0.04538322178679814
2020-11-29,-0.5395036326728531,-0.5402214332464266,-0.14491606863601322,0.40948025183278086,-0.1741857837092692,0.8018783422960681,-0.3621950478494146,-0.14110813025753954,-0.4152658041948185,1.3113993543631428,-0.13027223450502812,-0.04538322178679814
2020-12-06,-0.3413747593659261,-0.5402214332464266,0.21194635061215297,0.31753947710343683,-0.629751496855232,0.7552706079554807,-0.3621950478494146,-0.14110813025753954,-0.42580176611223813,1.1313657593709088,-0.002291018453775718,-0.04538322178679814
2020-12-13,-0.5064821537883654,-0.342044711182817,0.29616611332231885,0.4659399086802911,0.737611692525199,0.7086628736148933,-0.3621950478494146,-0.14110813025753954,-0.6979284113202553,1.080059905995961,0.45666736336752856,-0.04538322178679814
2020-12-20,-0.3347704635890284,-0.5071919795691584,0.18243317016335098,0.5611860039495523,0.9794457220305227,0.6620551392743059,-0.3621950478494146,-0.14110813025753954,-0.6943481662124179,0.8997839040863866,0.4684451672324183,-0.04538322178679814
2020-12-27,-0.32156187203523323,-0.3354388204473632,0.1754234739139073,0.6739029358517902,0.6594735794305283,0.6154474049337185,-0.3621950478494146,-0.14110813025753954,-0.9130470971262324,0.4284377869788743,0.8700877730378415,-0.04538322178679814
2021-01-03,-0.5461079284497509,-0.3222270389764558,0.21230008457404834,0.5413543766274844,0.022908488519540422,0.5688396705931311,-0.3621950478494146,-0.14110813025753954,-0.9834438940969383,0.9053895945415068,1.5083036504362308,1.185302969019904
2021-01-10,-0.3083532804814381,-0.5468273239818804,0.3704979582884468,0.7689467007921716,-0.5522007525233736,0.5222319362525438,-0.3621950478494146,-0.14110813025753954,-0.3735730674053088,-0.06230610798117295,0.7447733983963732,1.185302969019904
2021-01-17,-0.2555189142662578,-0.3090152575055485,0.287099969798617,0.6583208758690089,0.4621929146924164,0.47562420191195637,-0.3621950478494146,-0.14110813025753954,-0.6309568914414591,0.30587898411457604,1.7109203518961076,1.185302969019904
2021-01-24,-0.44043919601938963,-0.2561681316219195,0.41519743110245877,0.4654677016517668,0.8249386316430276,0.429016467571369,-0.3621950478494146,-0.14110813025753954,-0.5306489037695182,-0.1618651707129236,1.010670618911418,1.185302969019904
2021-01-31,-0.328166167812131,-0.4411330722146218,0.20684107666662283,1.4545569283233513,1.6094729630662845,0.3824087332307816,-0.3621950478494146,-0.14110813025753954,0.12246443405847399,0.5637290954068994,1.7919248622490829,1.185302969019904
2021-02-07,-0.05739004095933053,-0.32883292971190964,0.2069426815798419,0.7700260017351404,-0.36933598997412714,0.3358009988901942,-0.3621950478494146,-0.14110813025753954,0.12045063959143507,1.9646691635971936,2.007129324579512,1.185302969019904
2021-02-14,0.9398586213522023,-0.0579914095583096,1.4724231332020234,0.358012233186749,-0.686130479126711,0.2891932645496068,-0.3621950478494146,-0.14110813025753954,0.3905809008064861,0.5697305732739768,1.1854246494479217,1.185302969019904
2021-02-21,5.926101932909867,0.9394980914951925,5.73926178171391,0.4469176026737457,-0.369777476461741,0.24258553020901943,-0.3621950478494146,-0.14110813025753954,0.34169234361829703,0.896419186501146,0.7437122276740009,1.185302969019904
2021-02-28,-0.2291017311586675,5.926945596762703,8.147907809187172,0.861494698095714,2.4236998377066805,0.19597779586843203,-0.3621950478494146,-0.14110813025753954,0.36119513487933297,-0.019721617724662525,0.9456088574192717,1.185302969019904
2021-03-07,-0.27533180159695037,-0.22974456868010484,8.300448741996869,0.9319174377796008,-1.6020957151305966,0.14937006152784463,-0.3621950478494146,-0.14110813025753954,0.5116281804760789,0.38404218813183155,1.4772597356686548,1.185302969019904
2021-03-14,-0.36779194247351643,-0.2759858038282803,8.375597896562036,0.5895170361356739,1.2137073272833918,0.10276232718725725,-0.3621950478494146,-0.14110813025753954,0.5764002580496418,0.8045503131568287,1.119766631088181,1.185302969019904
2021-03-21,-0.44704349179628733,-0.3684682741246316,2.5255149720613104,0.2365937590812061,-0.18828659448109764,0.056154592846669855,-0.3621950478494146,-0.14110813025753954,0.5992688351095081,0.7804622532949036,0.9818741846978248,1.185302969019904
2021-03-28,-0.44043919601938963,-0.4477389629500756,-0.5069317245062184,0.1683294668915523,0.38359210478236505,0.00954685850608246,-0.3621950478494146,-0.14110813025753954,0.5382076016678591,0.5135317214402262,0.6854628284105819,1.185302969019904
2021-04-04,-0.44043919601938963,-0.4411330722146218,-0.46942387758676063,0.09547833868391152,1.8270354899080536,-0.03706087583450493,-0.3621950478494146,-0.14110813025753954,0.1283417763302153,-0.059647989110095334,1.4793887869568512,1.185302969019904
2021-04-11,-0.4998778580114676,-0.4411330722146218,-0.5052102576824555,-0.1613893545280938,-0.5027365773489305,-0.08366861017509232,-0.3621950478494146,-0.14110813025753954,0.03946799605199438,0.2714882770042011,1.09473263407622,1.185302969019904
2021-04-18,-0.4074177171349019,-0.5005860888337046,-0.38547727455597464,-0.25474682753886324,-1.2532587512970468,-0.1302763445156797,-0.3621950478494146,-0.14110813025753954,-0.07652300623477598,0.8331397002049095,1.7299800200601958,1.185302969019904
2021-04-25,-0.29514468892764323,-0.4081036185373536,-0.2970591414719713,-0.08907788965791155,2.6530221727254943,-0.1768840788562671,-0.3621950478494146,-0.14110813025753954,-0.7959738305398896,1.0529086052827354,1.0084448826608574,1.185302969019904
2021-05-02,-0.21589313960487233,-0.29580347603464147,-0.3122981936253126,-0.11093321911402175,-0.7863724054331479,-0.2234918131968545,-0.3621950478494146,-0.14110813025753954,-0.8257457367759804,1.0939001968364044,0.9152350647005592,1.185302969019904
2021-05-09,-0.16966306916658916,-0.2165327872091975,-0.5660635023824322,-0.02135335086754576,-1.6263605981016722,-0.2700995475374419,-0.3621950478494146,-0.14110813025753954,-0.7975396048185059,2.108628653674367,2.1786141578143474,1.185302969019904
2021-05-16,-0.1828716607203843,-0.17029155206102173,-0.452585348567624,0.4915726885089898,0.8334318534945324,-0.31670728187802927,-0.3621950478494146,-0.14110813025753954,-0.25658791831134836,0.6726407653327297,1.56284759745415,1.185302969019904
2021-05-23,-0.19608025227417947,-0.18350333353192905,-0.5057323682689062,0.30350882216434627,-0.30792277069750906,-0.36331501621861667,-0.3621950478494146,-0.14110813025753954,-0.20090057266851274,0.16378266465955363,1.1447026937572715,1.185302969019904
2021-05-30,-0.2291017311586675,-0.19671511500283637,-0.566725855738783,-0.12712237301124807,0.8624982348716429,-0.4099227505592041,-0.3621950478494146,-0.14110813025753954,-0.3765256223179746,-0.29900088410686615,0.4378444744297902,1.185302969019904
2021-06-06,-0.11682870295140885,-0.22974456868010484,-0.4122085081131624,-0.14870790296356626,-0.12784685886821953,-0.4565304848997915,-0.3621950478494146,-0.14110813025753954,-0.38631301446656596,-0.833973247285862,0.8649973320250794,1.185302969019904
2021-06-13,-0.05739004095933053,-0.11744442617739272,-0.41302107416885947,-0.2612224788049737,-0.7272855061873404,-0.5031382192403788,-0.3621950478494146,-0.14110813025753954,-0.3615676927338447,-0.2503454084310989,0.8017964215146435,1.185302969019904
2021-06-20,0.04827869147103039,-0.0579914095583096,-0.4196186533035024,-0.07558693665420675,-0.9530012663879152,-0.5497459535809662,-0.3621950478494146,-0.14110813025753954,-0.2967734166612241,0.41233339287892834,1.0724349092283971,1.185302969019904
2021-06-27,0.04827869147103039,0.047702842208948715,-0.4896788060262616,-0.27930035788849444,-0.6688177314116388,-0.5963536879215536,-0.3621950478494146,-0.14110813025753954,-0.28563775523134727,0.9907912012659135,1.1515036058438803,1.185302969019904
2021-07-04,0.33886770565452373,0.047702842208948715,-0.21169141519314544,-0.3953225331347975,-0.9851715076559677,-0.642961422262141,-0.3621950478494146,-0.14110813025753954,-0.07526168836246898,0.030273700912588172,0.6956376955209135,1.185302969019904
2021-07-11,0.29263763521624053,0.3383620345689099,-0.11433482604985523,-0.21683716674157047,0.007386017334421697,-0.6895691566027284,-0.3621950478494146,-0.14110813025753954,-0.08318611765666963,-0.059069383554073096,0.21851750155012004,1.185302969019904
2021-07-18,0.34547200143142115,0.2921207994207341,-0.11256364842540131,-0.20860769004106133,-1.2273180047382724,-0.7361768909433158,-0.3621950478494146,-0.14110813025753954,-0.045523311428005545,-0.8623307205435248,-0.20476768480319518,1.185302969019904
2021-07-25,0.47755791696937266,0.34496792530436343,-0.14669612209802638,0.05986224385432895,-1.8177784527899876,-0.7827846252839032,-0.3621950478494146,-0.14110813025753954,-0.009441516912931552,-0.8152730811917756,-0.13181398392822585,1.185302969019904
2021-08-01,0.5634137620690407,0.4770857400134367,-0.4544443536623075,-0.04374827933123851,-0.9604134192174739,-0.8293923596244906,-0.3621950478494146,-0.14110813025753954,-0.4335668327046831,0.1381497070972454,-0.42002373281949223,1.185302969019904
2021-08-08,0.6228524240611193,0.5629623195743338,-0.594305357351921,-0.10553686879088053,-0.7344519481924587,-0.8760000939650779,-0.3621950478494146,-0.14110813025753954,-0.7468770319829168,0.16492463070754312,-0.08728470510209393,1.185302969019904
2021-08-15,0.589830945176631,0.6224153361934173,-0.4815474212892146,-0.3262488424337691,0.4780226851234834,-0.9226078283056653,-0.3621950478494146,-0.14110813025753954,-0.7421842708926847,0.34416314759502836,-0.09851935766811626,1.185302969019904
2021-08-22,0.45774502963867975,0.5893858825161485,-0.3961879829414735,0.081447748074696,-1.7194356488552847,-0.9692155626462527,-0.3621950478494146,-0.14110813025753954,-0.5364893693272533,0.6581538728836474,0.4716864029141608,1.185302969019904
2021-08-29,0.5700180578459387,0.4572680678070755,-0.3650129113795008,-0.17326145904514814,-0.979401095526719,-1.0158232969868402,-0.3621950478494146,-0.14110813025753954,-0.5712597375153033,0.4563543924088673,0.40167651336544025,1.185302969019904
2021-09-05,0.8473984804756366,0.569568210309788,-0.1323546980865447,-0.3025047620594143,0.1450809802830134,-1.0624310313274277,-0.13594583774293745,-0.14110813025753954,-0.590468434589567,0.6031277271463353,0.4522541251540435,1.185302969019904
2021-09-12,1.0983617199977442,0.8470156211988416,-0.1206385152718761,0.05399360930681192,-0.4785370823342208,-1.109038765668015,0.39196898583884227,-0.14110813025753954,-0.6574573632132334,0.5601679691702146,-0.012098027068750263,1.185302969019904
2021-09-19,1.4615979877271104,1.0980394691460804,-0.45278679872480226,0.09979545239395944,0.25167666084852136,-1.1556465000086023,0.9198838094206225,-0.14110813025753954,-0.5928688716590986,0.3393403406051326,0.07514283352288698,1.185302969019904
2021-09-26,1.2040304524281054,1.4613634595960314,0.05150641993314849,0.39146984192417084,0.02335458930745201,-1.2022542343491898,1.4477986330024026,-0.14110813025753954,-0.7579431785320565,-0.1112797435330726,0.3070966184988895,1.185302969019904
2021-10-03,1.633309677926447,1.203733720913339,0.09992498160981853,0.4316728756995445,0.3579269569219136,-1.248861968689777,1.9757134565841827,-0.14110813025753954,-0.5909534440131535,-0.560792286326157,0.11056722654356077,1.185302969019904
2021-10-10,1.758791297687501,1.6331166187178263,0.09705254101407944,0.29028769439638274,0.3120442557340092,-1.2954697030303646,2.5036282801659624,-0.14110813025753954,-0.7022269735450266,-0.22731086567916692,0.42713036220281275,1.185302969019904
2021-10-17,1.5408495370498814,1.758628542691446,0.10477077575592801,-0.03133662727050295,0.6307829133883925,-1.3420774373709519,3.0315431037477425,-0.14110813025753954,-0.7218910305447953,-0.8405466048547033,0.0574847820207517,1.185302969019904
2021-10-24,1.1511960862129247,1.5406341484214754,0.2030044718141193,-0.40125855966137397,-0.7506536536472342,-1.3886851717115394,3.5594579273295226,-0.14110813025753954,-0.8791247368163414,-0.6766007939404894,-0.22179314009786572,1.185302969019904
2021-10-31,1.633309677926447,1.1508865950297098,0.27197261782648535,-0.31896374119238274,0.342182750127946,-1.4352929060521267,4.087372750911301,7.08676387515643,-0.9172286771420655,-0.08436504005121205,-0.04519222104085201,1.185302969019904
2021-11-07,1.501223762388496,1.6331166187178263,0.266156083204644,-0.36024605017877404,1.131207347137719,0.9883092796584177,-0.3621950478494146,-0.14110813025753954,-0.8046449043682584,0.3096186688894634,0.4047587954843979,1.185302969019904
2021-11-14,1.177613269320515,1.5009988040087536,0.31513757791414276,-0.1384547755929162,-0.20425741147114537,0.9417015453178303,-0.3621950478494146,-0.14110813025753954,-0.7196543808943184,1.3547967690739526,0.46565219013194725,1.185302969019904
2021-11-21,1.1247789031053343,1.1773101579715244,0.18715901791611742,-0.19808476316662024,0.6745915903262241,0.8950938109772429,-0.3621950478494146,-0.14110813025753954,-0.6889480521435462,1.774054363098995,0.5268936089955971,1.185302969019904
2021-11-28,1.118174607328437,1.124463032087895,-0.38415226608364617,0.3878947476124133,1.1277716483252582,0.8484860766366555,-0.3621950478494146,-0.14110813025753954,-0.5698716091155517,2.4375259493561554,1.015594566489763,1.185302969019904
2021-12-05,0.7351254522683779,1.1178571413524416,-0.22277074300406405,1.2702705638151968,-0.5059968416088936,0.8018783422960681,-0.3621950478494146,-0.14110813025753954,-0.5789528348281148,2.524912821028982,1.642459293974706,1.185302969019904
2021-12-12,0.3124505225469334,0.7347154786961294,-0.0734529722961151,0.44327510351695437,0.8088768843451924,0.7552706079554807,-0.3621950478494146,-0.14110813025753954,0.17666656251497143,0.3041876602390644,0.4427234727193665,1.185302969019904
2021-12-19,0.37849348031590885,0.31193847162709526,0.04250509502770523,0.291906594346935,1.5020692084844958,0.7086628736148933,-0.3621950478494146,-0.14110813025753954,0.1531314407028337,0.1435427900346478,0.7037321246472164,1.185302969019904
2021-12-26,0.42472355075419205,0.37799737898163155,0.08836343500528773,0.20981414480475055,-0.11308429595699836,0.6620551392743059,-0.3621950478494146,-0.14110813025753954,-0.0443990808619591,-0.008295017959734993,1.4538498336327734,1.185302969019904
2022-01-02,0.23980326900105992,0.42423861412980735,0.016141658089796514,-0.16435738065735753,-0.14320638365005198,0.6154474049337185,-0.3621950478494146,-0.14110813025753954,-0.019823705313189957,-0.11850737601680943,1.7334585018511823,1.185302969019904
2022-01-09,0.391702071869704,0.2392736735371048,-0.20562945082249695,-0.03241587674956893,1.3026621542792538,0.5688396705931311,-0.3621950478494146,-0.14110813025753954,0.06385288968251723,0.6920071322691836,1.5893081194336407,1.185302969019904
2022-01-16,0.8011684100373534,0.3912091604525389,0.1522026202827738,0.05716404296080792,-1.1199013219917997,0.5222319362525438,-0.3621950478494146,-0.14110813025753954,0.04479539957172668,0.6755585632736661,1.7388841502853314,1.185302969019904
2022-01-23,0.854002776252534,0.8007743860506658,0.15252140970594674,0.9049355832360926,2.205191915834444,0.47562420191195637,-0.3621950478494146,-0.14110813025753954,0.044112236112363076,0.6699226486336068,2.0574983919944625,1.185302969019904
2022-01-30,0.9200457340215095,0.853621511934295,-0.12291774428021775,1.5746263791779855,0.02208718677668231,0.429016467571369,-0.3621950478494146,-0.14110813025753954,0.0856479905500596,0.862079659609935,2.173380777180346,1.185302969019904
2022-02-06,1.6993526356954232,0.9196804192888314,0.3121598220840235,0.6378146211277093,-1.2826876829453897,0.3824087332307816,-0.3621950478494146,-0.14110813025753954,0.10734504092124043,0.881664650977912,1.2588366670000217,1.185302969019904
2022-02-13,0.6492696071687096,1.6991755260723633,1.2244846678271746,0.6129913170062371,2.0357730384168677,0.3358009988901942,-0.3621950478494146,-0.14110813025753954,0.1988714496094824,0.27435635989580104,0.7120379126978003,1.185302969019904
2022-02-20,0.7813555227066605,0.6488388991352319,1.2341339829330567,1.1162039052155581,-0.3225044021586098,0.2891932645496068,-0.3621950478494146,-0.14110813025753954,0.10690505910362608,-0.32482546357547004,0.19998081437994697,1.185302969019904
2022-02-27,0.9332543255753049,0.7809567138443045,1.2426438551917913,1.4668337063641423,-0.6821815961981705,0.24258553020901943,-0.3621950478494146,-0.14110813025753954,1.724492624272879,-2.954711358581905,-1.5394080436131208,1.185302969019904
2022-03-06,0.9002328466908172,0.932892200759739,0.6632549316935149,1.7230268622187417,-1.1026958245849432,0.19597779586843203,-0.3621950478494146,-0.14110813025753954,2.1256706725320207,-1.6809175333613835,-0.2173632680447709,1.185302969019904
2022-03-13,0.9860886917904855,0.8998627470824708,-0.4697954798127112,1.948056065365458,-0.32327706400664546,0.14937006152784463,-0.3621950478494146,-0.14110813025753954,2.1230354753442664,-1.2168812114211374,-0.23334023779747248,1.185302969019904
2022-03-20,0.97288010023669,0.9857393266433683,-0.4633937792322272,1.2141482013783405,-0.32338084723179017,0.10276232718725725,-0.3621950478494146,-0.14110813025753954,2.0729374846486084,-1.1327152394022688,-0.5283565885920667,1.185302969019904
2022-03-27,1.2766777059739782,0.9725275451724607,-0.2797671770903974,0.5317757737482642,3.2245036575196937,0.056154592846669855,-0.3621950478494146,-0.14110813025753954,2.00434898317155,1.5054610701628404,-0.8058503107918082,1.185302969019904
2022-04-03,1.4549936919502129,1.276398519003329,-0.3406916534113751,0.14134750942024088,-0.3221530860895938,0.00954685850608246,-0.3621950478494146,-0.14110813025753954,1.9799000649202971,0.14148428198664792,-0.5225096742507381,1.185302969019904
2022-04-10,1.89748150900235,1.4547575688605778,-0.22328163117388414,0.31295249955972,-0.12775555802402205,-0.03706087583450493,-0.3621950478494146,-0.14110813025753954,1.965035739981949,-0.10804640631892534,-0.6671026695493429,1.185302969019904
2022-04-17,2.267322072508614,1.8973522481359728,-0.463241209613175,0.637477429644859,0.261276580882301,-0.08366861017509232,-0.3621950478494146,-0.14110813025753954,2.1501640942478213,0.8878094628424796,-0.41458690045859486,1.185302969019904
2022-04-24,2.571119678245902,2.2672821293213774,-0.45093958484120605,0.5919454117934527,-0.3520573616738444,-0.1302763445156797,-0.3621950478494146,-0.14110813025753954,2.070762476221052,0.41504399136840514,-1.0214705704760785,1.185302969019904
2022-05-01,2.379595100715872,2.5711531031522457,-0.08617291254365998,1.6922676087665458,-0.08287120654880477,-0.1768840788562671,-0.3621950478494146,-0.14110813025753954,2.185783022180944,0.9783694899833721,-0.473080159631793,1.185302969019904
2022-05-08,3.191923481274273,2.3795822718240895,0.0891945100344861,1.4998865901139262,1.338545173177038,-0.2234918131968545,-0.3621950478494146,-0.14110813025753954,2.1808499327063022,0.6712108190852155,-0.45686224991985347,1.185302969019904
2022-05-15,2.815478621991112,3.192106832284889,0.29918568427769554,1.8382397676134243,-0.2918424739632107,-0.2700995475374419,-0.3621950478494146,-0.14110813025753954,2.342131238529837,-1.0352559460642397,-0.8397201179168048,1.185302969019904
2022-05-22,3.3041965094815327,2.815571060364031,0.33427956692836114,1.3625486329551952,0.7086690981480954,-0.31670728187802927,-0.3621950478494146,-0.14110813025753954,0.6879108266315062,-0.24797476017041303,1.0596629865235083,1.185302969019904
2022-05-29,3.6872456645415905,3.3044069747876024,0.21178027425273782,1.2602872359483386,0.14091153823295813,-0.36331501621861667,-0.3621950478494146,-0.14110813025753954,-0.13874381905223385,-0.6518324522276139,0.25430178346689275,1.185302969019904
2022-06-05,3.522138270119151,3.6875486374439133,-0.006636426127469978,0.9153910538015985,-0.5450555061849371,-0.4099227505592041,-0.3621950478494146,-0.14110813025753954,0.00468501326556794,-0.8518738518023676,-0.21422354985164815,1.185302969019904
2022-06-12,3.792914396971952,3.522401369057572,-0.23767404358153074,0.919505734254964,-0.4857293741125172,-0.4565304848997915,-0.3621950478494146,-0.14110813025753954,0.00202263050456614,-0.016107196894373975,-0.16283412726891655,1.185302969019904
2022-06-19,3.1192762277284,3.793242889211172,0.021629142725055575,1.8239392359746893,-0.306822419054616,-0.5031382192403788,-0.3621950478494146,-0.14110813025753954,0.0016588569014503289,-0.29994959417505196,-0.08825023314352794,1.185302969019904
2022-06-26,2.1286318611937647,3.119442034194899,0.19520830125618693,1.3885861892354332,-0.9044231937084423,-0.5497459535809662,-0.3621950478494146,-0.14110813025753954,0.007792974894489952,-0.34789322185552607,-0.060306983607853366,1.185302969019904
2022-07-03,2.075797494978584,2.1285584238768505,0.21745273412368474,1.2430188325720455,-0.9204955086757486,-0.5963536879215536,-0.3621950478494146,-0.14110813025753954,0.057463711749674774,-0.12761997873202208,-0.2260989986812049,1.185302969019904
2022-07-10,1.778604185018194,2.0757112979932213,-0.06047088148012211,1.0368095793710428,-1.0564551546630199,-0.642961422262141,-0.3621950478494146,-0.14110813025753954,-0.3758348098878588,0.08400503861888878,-0.6038086947836744,1.185302969019904
2022-07-17,2.3465736218313844,1.7784462148978073,0.521156021019634,1.027973008756089,-1.0430106208091758,-0.6895691566027284,-0.3621950478494146,-0.14110813025753954,-0.060936374562620514,-0.9413062944734893,-0.8824499802116111,1.185302969019904
2022-07-24,3.007003199521141,2.3465528181468214,0.2713560389570845,0.7287436670167979,-0.9393514898525483,-0.7361768909433158,-0.3621950478494146,-0.14110813025753954,-0.3339815682437502,-0.9134429147174287,-1.1085807907771372,1.185302969019904
2022-07-31,3.654224185657103,3.007141891692187,0.22168262790418616,0.5973418135804952,0.4586910428379228,-0.7827846252839032,-0.3621950478494146,-0.14110813025753954,-0.0801833696080822,-0.02312269810091963,-0.6111659001691371,1.185302969019904
2022-08-07,3.2579664390432495,3.654519183766646,0.21178756681764271,0.4991276921819703,-1.3607584587139925,-0.8293923596244906,-0.3621950478494146,-0.14110813025753954,-0.3514713490411458,0.12042490248227902,0.12368181068794064,1.185302969019904
2022-08-14,3.264570734820147,3.2581657396394266,0.19627927999641828,0.2622265903738066,-0.1733580652568394,-0.8760000939650779,-0.3621950478494146,-0.14110813025753954,-0.08268572946609305,2.1681234609722586,0.4152142199884723,1.185302969019904
2022-08-21,3.9514174956174934,3.26477163037488,0.1424759141224141,0.18586774696749003,-1.1225740403735507,-0.9226078283056653,-0.3621950478494146,-0.14110813025753954,0.17082265486524115,1.0350911466493002,-0.20450035114993062,1.185302969019904
2022-08-28,4.195776439362704,3.95178426686206,0.006170821093093328,0.6815253315038304,-0.0980932018114282,-0.9692155626462527,-0.3621950478494146,-0.14110813025753954,0.6568063039834877,-0.9042575678407099,-0.6433136664835614,1.185302969019904
2022-09-04,3.9382089040636985,4.196202224073846,-0.08414780590935365,0.9850717226232936,-0.38485566597735726,-1.0158232969868402,-0.3621950478494146,-0.14110813025753954,1.1932618991526516,-2.378225580477449,-1.386826312897353,1.185302969019904
2022-09-11,3.363635171473611,3.938572485391153,0.1433570769518321,0.7993688399573692,-0.5058179401572908,-1.0624310313274277,-0.13594583774293745,-0.14110813025753954,1.5166871464441942,-2.3444519660426173,-1.008330306512786,1.185302969019904
2022-09-18,3.442886720796381,3.3638599914066853,-0.18832337852241687,0.9999118532696111,-0.7932288924596645,-1.109038765668015,0.39196898583884227,-0.14110813025753954,1.66619146357737,-2.5067113642200853,-1.5547526046542748,1.185302969019904
2022-09-25,2.960773129082859,3.4431306802321284,-0.2769083385837892,1.224131477781297,-0.05278100030242993,-1.1556465000086023,0.9198838094206225,-0.14110813025753954,1.6794942259096082,-1.4272076874608808,-1.367991050552653,1.185302969019904
2022-10-02,2.2607177767317164,2.9609006565440117,-0.14946639685661553,1.7724037481537471,-0.5368747042299751,-1.2022542343491898,1.4477986330024026,-0.14110813025753954,1.7143565007934836,0.25636721520711714,-1.307760062216944,1.185302969019904
2022-10-09,1.8512514385640668,2.260676238585924,-0.15061034419908428,1.5322648464444775,0.2954317888688412,-1.248861968689777,1.9757134565841827,-0.14110813025753954,1.5105196688929015,-0.8252637317299287,-0.9422831299939018,1.185302969019904
2022-10-16,2.036171720317199,1.851111012987797,-0.013965137406896748,1.9102814072478635,0.5070484169532762,-1.2954697030303646,2.5036282801659624,-0.14110813025753954,1.4876325646313728,0.15384909163580104,-1.025088915993993,1.185302969019904
2022-10-23,1.501223762388496,2.0360759535804998,0.03877742614795414,1.6051160132500455,0.5669895704340848,-1.3420774373709519,3.0315431037477425,-0.14110813025753954,2.0712331689082504,1.6005123601665896,-0.6103667631537074,1.185302969019904
2022-10-30,1.2634691144201833,1.5009988040087536,-0.047864418237210375,1.2389715054998125,0.1284087480240908,-1.3886851717115394,3.5594579273295226,-0.14110813025753954,2.0822540696042227,0.5601508190843758,-1.1029135449455498,1.185302969019904
2022-11-06,0.9002328466908172,1.2631867375324217,-0.0271355166268731,0.9332664610305096,1.0643411265209712,-1.4352929060521267,4.087372750911301,7.08676387515643,1.8109541827751476,0.7430754771616176,-1.5284631588147157,1.185302969019904
2022-11-13,0.7483340438221728,0.8998627470824708,-0.40213846393758346,0.7883737575183047,0.09785553696760407,1.1014994916284158,-0.3621950478494146,-0.14110813025753954,1.7436693913843517,0.23550192409414106,-1.385708685768948,1.185302969019904
2022-11-20,1.8842729174485546,0.7479272601670364,1.3942524668407572,0.7182207916062583,1.785154123320681,1.0548917572878282,-0.3621950478494146,-0.14110813025753954,1.5488120765487834,-0.4549011879387054,-0.3326807467595323,1.185302969019904
2022-11-27,2.1154232696399697,1.8841404666650652,1.2942435444668194,0.34573558380571234,-1.2545900317667407,1.008284022947241,-0.3621950478494146,-0.14110813025753954,1.1092698538456374,1.055767880353416,1.2490502965532622,1.185302969019904
2022-12-04,1.8842729174485546,2.1153466424059437,1.1776540927820045,0.2905574681682236,1.9186492555400452,0.9616762886066534,-0.3621950478494146,-0.14110813025753954,0.9350097662336042,1.0944556398620384,0.581271958596277,1.185302969019904
2022-12-11,0.9200457340215095,1.8841404666650652,1.6737329611562386,0.4832083635204867,-0.38295705872291064,0.915068554266066,-0.3621950478494146,-0.14110813025753954,0.6445515928174541,1.076868419857022,0.9546519721999155,1.185302969019904
2022-12-18,2.3597822133851802,0.9196804192888314,1.9874142420175949,0.5754864326604842,0.5174728309580646,0.8684608199254787,-0.3621950478494146,-0.14110813025753954,0.6481169688985016,0.6154910470425109,1.100102928028765,1.185302969019904
2022-12-25,2.075797494978584,2.359764599617729,2.042747692101741,0.3777090636847234,0.2919907143004621,0.8218530855848913,-0.3621950478494146,-0.14110813025753954,0.9274491882675197,-1.0426690174337165,0.279268331682275,1.185302969019904
2023-01-01,0.5634137620690407,2.0757112979932213,2.5777040841926584,0.4266812246320901,-0.2777308156146311,0.7752453512443039,-0.3621950478494146,-0.14110813025753954,0.9855122955445996,-1.3898611338959936,0.1496677520629727,1.185302969019904
2023-01-08,0.29263763521624053,0.5629623195743338,2.4139909196486555,0.4806449851830084,0.3518739053835137,0.7286376169037165,-0.3621950478494146,-0.14110813025753954,0.9878815137367666,-0.8738812316743234,0.2129097811621595,1.185302969019904
2023-01-15,0.16715601545518674,0.2921207994207341,0.5792105274219455,0.21608745287600417,-0.6671993446139659,0.6820298825631291,-0.3621950478494146,-0.14110813025753954,0.22728408360305116,-0.6343437690435387,-0.31649034152378197,1.185302969019904
2023-01-22,-0.024368562074842795,0.16660887544711464,0.5482241660197315,0.19632326899689775,0.771897443098299,0.6354221482225417,-0.3621950478494146,-0.14110813025753954,0.14167730235881024,0.5749628308305813,0.2883969263126742,1.185302969019904
2023-01-29,-0.08380722406692083,-0.024961955881041428,-0.43723290052727704,0.0679567950709912,0.05190304186175009,0.5888144138819543,-0.3621950478494146,-0.14110813025753954,0.15766812578683775,1.484393511965662,0.5873672027889223,1.185302969019904
2023-02-05,-0.37439623825041385,-0.08441497250012425,-0.28337266146207096,0.039355989113028365,0.5160644892479644,0.5422066795413669,-0.3621950478494146,-0.14110813025753954,0.041357811369716446,1.2182053955272685,0.8333741131812504,1.185302969019904
2023-02-12,-0.5725251115573411,-0.3750741648600851,-0.2894751889288766,0.16590109123377345,0.84463784186054,0.4955989452007796,-0.3621950478494146,-0.14110813025753954,-0.13689225082497464,0.8686051653096869,0.5040108785703399,1.185302969019904
2023-02-19,-0.5262950411190579,-0.573250886923695,-0.018469134073776143,0.1310944592454433,-1.9052960010351592,0.44899121086019217,-0.3621950478494146,-0.14110813025753954,-0.5639386874958865,0.5357158043256806,-0.01619459084088991,1.185302969019904
2023-02-26,-0.678193843987702,-0.5270096517755193,-0.04482750822371459,0.4627695779540978,2.898505831116368,0.40238347651960477,-0.3621950478494146,-0.14110813025753954,-0.39541932571132665,-0.3737943879260878,-0.3143099451729662,1.185302969019904
2023-03-05,-0.40081342135800413,-0.6789451386909533,0.5403113047798729,0.20232672610045901,-0.5898127241754675,0.35577574217901736,-0.3621950478494146,-0.14110813025753954,-0.2776065632147105,0.37068230242903555,0.3810045783315216,1.185302969019904
2023-03-12,-0.4800649706807751,-0.4014977278018998,0.40193873706553734,0.32131692747602575,-1.5603010329114277,0.30916800783842996,-0.3621950478494146,-0.14110813025753954,0.23088941162524076,-0.921850791576865,-0.4751570520397235,1.185302969019904
2023-03-19,-0.4866692664576725,-0.4807684166273437,0.40440245254441404,0.8655419222401433,0.7847783938226287,0.2625602734978426,-0.3621950478494146,-0.14110813025753954,-0.043997979965345754,-1.055602031461697,-0.025345770064128192,1.185302969019904
2023-03-26,-0.7574453933104729,-0.48737430736279724,0.6091643001830641,0.521522620645664,1.291555047013861,0.2159525391572552,-0.3621950478494146,-0.14110813025753954,-0.04276899338850998,0.010373361060986176,0.6663244683726642,1.185302969019904
2023-04-02,-0.7904668721949609,-0.7582158275163973,-0.07628575595736631,0.12407920897174983,1.512225295108882,0.1693448048166678,-0.3621950478494146,-0.14110813025753954,0.0011271393702668895,-0.23003951282473167,0.8596424262527584,1.185302969019904
2023-04-09,-0.7046110270952923,-0.7912452811936658,0.14074736466088986,0.026337165941995845,0.24435132015324512,0.12273707047608041,-0.3621950478494146,-0.14110813025753954,-0.03165008578329834,0.6156305853276869,0.29234205501649346,1.185302969019904
2023-04-16,-0.7376325059797804,-0.705368701632768,0.1280509962835926,-0.02108352563180309,0.734647882667889,0.07612933613549303,-0.3621950478494146,-0.14110813025753954,0.0014279857309589716,0.21579931545742592,-0.23445140678558143,1.185302969019904
2023-04-23,-0.6583809566570095,-0.7383981553100365,-0.2876067511662377,-0.2328914466188517,0.7929974276979787,0.02952160179490563,-0.3621950478494146,-0.14110813025753954,-0.04354029419816022,-0.5986412346954518,-0.5798360730231127,1.185302969019904
2023-04-30,-0.6649852524339068,-0.6591274664845925,-0.33256998824389733,-0.14870790296356626,-0.21613846670974654,-0.017086132545681764,-0.3621950478494146,-0.14110813025753954,-0.01545848469665048,-1.2472072280508357,-0.7035603830424069,1.185302969019904
2023-05-07,-0.7772582806411658,-0.665733357220046,-0.22947080182891855,-0.08988731390123726,0.3917095739204741,-0.06369386688626916,-0.3621950478494146,-0.14110813025753954,0.0285692789091623,-0.6856670041846996,-0.636574856938518,1.185302969019904
2023-05-14,-0.7310282102028827,-0.7780334997227584,-0.1984921902347214,-0.19484696326551568,-1.4013116634540912,-0.11030160122685655,-0.3621950478494146,-0.14110813025753954,0.019164242884008358,-0.26331106957787354,-0.6834040871882684,1.185302969019904
2023-05-21,-0.6055465904418288,-0.7317922645745827,-0.09579300476593254,-0.2150833927710731,0.7486798714174697,-0.15690933556744394,-0.3621950478494146,-0.14110813025753954,0.07059066708032008,-0.6564780795424454,-0.7443423339440814,1.185302969019904
2023-05-28,-0.6847981397645998,-0.6062803406009631,-0.03150274738066429,0.0013115057596937805,0.9848654842899048,-0.20351706990803134,-0.3621950478494146,-0.14110813025753954,-0.17841216533545365,-0.8601198927096975,-1.3436313456953062,1.185302969019904
2023-06-04,-0.8433012384101414,-0.6855510294264071,0.07414825710095992,-0.29002565368974254,-0.4675908755560867,-0.2501248042486187,-0.3621950478494146,-0.14110813025753954,-0.2209596477854039,-0.48675372498057734,-0.368566579684886,1.185302969019904
2023-06-11,-0.803675463748756,-0.8440924070772949,0.06928583226776601,-0.6125269073727903,-0.4234078418101011,-0.2967325385892061,-0.3621950478494146,-0.14110813025753954,-0.07752513573057934,0.010895383939818041,-0.021461293018429965,1.185302969019904
2023-06-18,-0.7640496890873707,-0.804457062664573,-0.10942961385143496,-0.5739427478160187,-1.0312626888877032,-0.3433402729297935,-0.3621950478494146,-0.14110813025753954,-0.17539656407883195,0.2237403035663235,-0.6297609316563313,1.185302969019904
2023-06-25,-0.6121508862187266,-0.7648217182518511,0.10235107215309251,-0.7021742769591157,-1.9975733314829394,-0.3899480072703809,-0.3621950478494146,-0.14110813025753954,-0.2785398527926578,0.9595808438882795,-0.7713982185646279,1.185302969019904
2023-07-02,-0.4140220129117993,-0.612886231336417,-0.24995882793887264,-0.654618640602507,0.5723295727766704,-0.4365557416109683,-0.3621950478494146,-0.14110813025753954,-0.2553820928417755,-0.2221206227645237,-0.8230514688800362,1.185302969019904
2023-07-09,-0.44704349179628733,-0.4147095092728071,-0.0939654367332623,-0.5473655860952095,-0.4695106939187588,-0.4831634759515557,-0.3621950478494146,-0.14110813025753954,-0.320459251646615,-0.7323442889871516,-0.5963092773066082,1.185302969019904
2023-07-16,-0.44704349179628733,-0.4477389629500756,-0.039212735320156414,-0.6047021299279683,-1.5711564293843006,-0.5297712102921431,-0.3621950478494146,-0.14110813025753954,-0.19829995963410454,0.18678299741188964,-0.16477071274452298,1.185302969019904
2023-07-23,-0.44043919601938963,-0.4477389629500756,-0.1079864715098958,-0.6659510431841753,-0.15742515864360251,-0.5763789446327304,-0.3621950478494146,-0.14110813025753954,-0.18893814761802802,-0.3047245624476096,-0.18247763568283212,1.185302969019904
2023-07-30,-0.4074177171349019,-0.4411330722146218,-0.5837571171320963,-0.6505713907261265,-0.7393739801950834,-0.6229866789733178,-0.3621950478494146,-0.14110813025753954,-0.1331161521563565,-0.4903842484655304,-0.7109255084884091,1.185302969019904
2023-08-06,-0.47346067490387733,-0.4081036185373536,-0.505855609566798,-0.43552554117821973,-1.2778381529335994,-0.6695944133139052,-0.3621950478494146,-0.14110813025753954,-0.06747999645592129,-0.17930024782392529,-0.5482309183698119,1.185302969019904
2023-08-13,-0.29514468892764323,-0.47416252589188995,-0.173355089839158,-0.38857703090099444,-1.6243940746076495,-0.7162021476544926,-0.3621950478494146,-0.14110813025753954,-0.26251177022558053,-0.5681511852355648,-0.1069467621597094,1.185302969019904
2023-08-20,-0.4074177171349019,-0.29580347603464147,-0.04808764682335377,-0.2579846789038691,0.4272012462443378,-0.76280988199508,-0.3621950478494146,-0.14110813025753954,-0.35811752516292245,-0.5499697070000767,0.025181320154352434,1.185302969019904
2023-08-27,-0.44704349179628733,-0.4081036185373536,-0.04242821485340264,-0.2658094048847892,-0.12787544753902536,-0.8094176163356674,-0.3621950478494146,-0.14110813025753954,-0.7393434187793528,0.001587134062477143,-0.4306587387012424,1.185302969019904
2023-09-03,-0.42062630868869705,-0.4477389629500756,-0.07394938635103454,-0.6136061568518579,-1.0124665062389544,-0.8560253506762548,-0.3621950478494146,-0.14110813025753954,-0.9065112717943338,-0.7246231365399766,-0.9598908653691759,1.185302969019904
2023-09-10,-0.45364778757318475,-0.4213154000082609,-0.44398752426469734,-0.5918857207146562,-0.24809569335633383,-0.9026330850168423,-0.3621950478494146,-0.14110813025753954,-0.9870665693776871,-0.7909961499002605,-0.7118163701044676,1.185302969019904
2023-09-17,-0.328166167812131,-0.45434485368552907,-0.31817579397287143,-0.6662208941518685,-0.3532862349070321,-0.9492408193574297,-0.3621950478494146,-0.14110813025753954,-0.9263013659191067,-0.21816722842125633,-0.6392032030201817,1.185302969019904
2023-09-24,-0.387604829804209,-0.32883292971190964,-0.2932470278274865,-0.39990940775071165,-0.12801592716740098,-0.9958485536980171,-0.3621950478494146,-0.14110813025753954,-0.8982135978961922,-0.634266371302624,-0.673491619804013,1.185302969019904
2023-10-01,-0.3611876466966187,-0.38828594633099245,-0.2934471256959992,-0.10499721831939568,-0.03785308436146471,-1.0424562880386044,-0.3621950478494146,-0.14110813025753954,-0.8989169058871619,-0.32606076085695934,-0.7322769784588011,1.185302969019904
2023-10-08,-0.19608025227417947,-0.3618623833891778,-0.20694843294496582,-0.024321274069006305,0.26269307714552453,-1.0890640223791919,0.16571977573236507,-0.14110813025753954,-0.9048883556711647,0.14131438898111373,-0.735912806674956,1.185302969019904
2023-10-15,-0.004555674744149922,-0.19671511500283637,-0.15165681132719297,-0.1613893545280938,1.328902432704168,-1.1356717567197792,0.6936345993141452,-0.14110813025753954,-0.8591783519883605,-0.5807327005286319,-0.796522714893456,1.185302969019904
2023-10-22,-0.2291017311586675,-0.005144283674680293,0.13316110654890104,0.1243488798157875,-0.8921492119788645,-1.1822794910603667,1.2215494228959254,-0.14110813025753954,-0.9906340547853733,-0.4387412392561307,-0.6436020407075956,1.185302969019904
2023-10-29,-0.2092888438279746,-0.22974456868010484,0.1349724289990861,0.23389555818768604,0.14217270811021776,-1.228887225400954,1.7494642464777055,-0.14110813025753954,-1.0919155576521826,-0.5796027842677771,-0.9526440508687436,1.185302969019904
2023-11-05,-0.024368562074842795,-0.2099268964737437,0.14131267947987322,-0.2018622650031105,0.2771101098431792,-1.2754949597415413,2.277379070059485,-0.14110813025753954,-1.0848286419538729,-0.9255522728106549,-0.9419947167567123,1.185302969019904
2023-11-12,-0.4932735622345702,-0.024961955881041428,0.5248550508941376,-0.5180901848829531,2.840657880689416,-1.3221026940821288,2.805293893641265,-0.14110813025753954,-1.092142540343383,-0.7828803139290207,-0.9287718152920748,1.185302969019904
2023-11-19,-0.3083532804814381,-0.49398019809825106,0.667400310274449,-0.582576949504166,-0.08283284445940683,-1.368710428422716,3.333208717223045,-0.14110813025753954,-1.0944557505008372,-0.5301967466303501,-0.9356777640868317,1.185302969019904
2023-11-26,-0.37439623825041385,-0.3090152575055485,0.6731982292010438,-0.7480434734273966,-1.4110618577447174,-1.4153181627633036,3.8611235408048246,7.08676387515643,-1.068219087498167,-0.740179530273589,-0.9613650235898021,1.185302969019904
2023-12-03,-0.32156187203523323,-0.3750741648600851,0.5612512375972043,-0.7798147194723433,0.9939577552301201,0.8484860766366555,-0.3621950478494146,-0.14110813025753954,-0.9897675398692329,-1.2808181055313563,-1.2195823020537433,1.185302969019904
2023-12-10,-0.387604829804209,-0.3222270389764558,-0.08734659082562118,-0.7690218901663071,1.6939077086106205,0.8018783422960681,-0.3621950478494146,-0.14110813025753954,-1.1697204552593352,-1.177816561390888,-1.437077241502192,1.185302969019904
2023-12-17,-0.5461079284497509,-0.38828594633099245,-0.2804312675305906,-0.8407938332247582,-0.00835358918238414,0.7552706079554807,-0.3621950478494146,-0.14110813025753954,-0.17298975607332828,-0.17033789775718025,-0.6775530876367771,1.185302969019904
2023-12-24,-0.4668563791269799,-0.5468273239818804,-0.14580965486058317,-0.7385323847540011,-0.6336347579722995,0.7086628736148933,-0.3621950478494146,-0.14110813025753954,-0.1657212727445181,0.418365763378158,-0.5648563185893116,1.185302969019904
2023-12-31,-0.42723060446559447,-0.4675566351564364,-0.15749644353226902,-0.8063918618941891,0.9155516243039259,0.6620551392743059,-0.3621950478494146,-0.14110813025753954,-0.2681285886279575,0.43212393756382556,-1.0815068106891441,1.185302969019904
2024-01-07,-0.34797905514282357,-0.42792129074371443,-0.12654260052456567,-0.6586659226438258,1.375222451756835,0.6154474049337185,-0.3621950478494146,-0.14110813025753954,0.23153250670382594,-0.6919869471035489,-1.491633333343867,1.185302969019904
2024-01-14,1.256864818643286,-0.34865060191827046,3.1579714538260784,-0.7862903707384538,-1.03274130636398,0.5688396705931311,-0.3621950478494146,-0.14110813025753954,0.2321726999067254,-1.6998521042603216,-1.4022210835513458,1.185302969019904
2024-01-21,-0.18947595649728202,1.2565808467969684,4.273940514732147,-0.6134712249350234,-0.03817650621321215,0.5222319362525438,-0.3621950478494146,-0.14110813025753954,0.23156011235086998,-1.8267252157834557,-1.3114947024914174,1.185302969019904
2024-01-28,-0.5461079284497509,-0.19010922426738286,4.484084319585133,-0.7344850834137191,-0.9301189753216699,0.47562420191195637,-0.3621950478494146,-0.14110813025753954,0.21319063474677727,-1.412625851111218,-1.353536199026663,1.185302969019904
